<?xml version="1.0"?>
<MapDatabase xmlns:xsi="http://www.w3.org/2001/XMLSchema-instance" xmlns:xsd="http://www.w3.org/2001/XMLSchema">
  <_TStartPos>
    <X>3249.9331412444544</X>
    <Y>3022.9860637054271</Y>
  </_TStartPos>
  <_CStartPos>
    <X>6013.4794535111514</X>
    <Y>3665.0141539936394</Y>
  </_CStartPos>
  <_Layers>
    <Layer>
      <_Images />
      <_Polygons>
        <Polygon>
          <_Color>
            <A>255</A>
            <R>0</R>
            <G>0</G>
            <B>0</B>
            <ScA>1</ScA>
            <ScR>0</ScR>
            <ScG>0</ScG>
            <ScB>0</ScB>
          </_Color>
          <_Points>
            <Point>
              <X>2112</X>
              <Y>1760</Y>
            </Point>
            <Point>
              <X>2109</X>
              <Y>4865</Y>
            </Point>
            <Point>
              <X>5592</X>
              <Y>4863</Y>
            </Point>
            <Point>
              <X>5594</X>
              <Y>4429</Y>
            </Point>
            <Point>
              <X>5692</X>
              <Y>4430</Y>
            </Point>
            <Point>
              <X>5694</X>
              <Y>5478</Y>
            </Point>
            <Point>
              <X>6702</X>
              <Y>5481</Y>
            </Point>
            <Point>
              <X>6702</X>
              <Y>5578</Y>
            </Point>
            <Point>
              <X>5593</X>
              <Y>5580</Y>
            </Point>
            <Point>
              <X>5593</X>
              <Y>4983</Y>
            </Point>
            <Point>
              <X>2022</X>
              <Y>4983</Y>
            </Point>
            <Point>
              <X>2025</X>
              <Y>1674</Y>
            </Point>
            <Point>
              <X>4127</X>
              <Y>1673</Y>
            </Point>
            <Point>
              <X>4031</X>
              <Y>1136</Y>
            </Point>
            <Point>
              <X>3791</X>
              <Y>1136</Y>
            </Point>
            <Point>
              <X>3789</X>
              <Y>1396</Y>
            </Point>
            <Point>
              <X>3596</X>
              <Y>1396</Y>
            </Point>
            <Point>
              <X>3597</X>
              <Y>909</Y>
            </Point>
            <Point>
              <X>5428</X>
              <Y>910</Y>
            </Point>
            <Point>
              <X>5430</X>
              <Y>1322</Y>
            </Point>
            <Point>
              <X>6483</X>
              <Y>1322</Y>
            </Point>
            <Point>
              <X>6613</X>
              <Y>1390</Y>
            </Point>
            <Point>
              <X>6613</X>
              <Y>1473</Y>
            </Point>
            <Point>
              <X>6490</X>
              <Y>1543</Y>
            </Point>
            <Point>
              <X>6156</X>
              <Y>1545</Y>
            </Point>
            <Point>
              <X>6153</X>
              <Y>1930</Y>
            </Point>
            <Point>
              <X>6221</X>
              <Y>1930</Y>
            </Point>
            <Point>
              <X>6224</X>
              <Y>4985</Y>
            </Point>
            <Point>
              <X>6704</X>
              <Y>4982</Y>
            </Point>
            <Point>
              <X>6703</X>
              <Y>4865</Y>
            </Point>
            <Point>
              <X>6325</X>
              <Y>4867</Y>
            </Point>
            <Point>
              <X>6323</X>
              <Y>1672</Y>
            </Point>
            <Point>
              <X>6189</X>
              <Y>1674</Y>
            </Point>
            <Point>
              <X>6190</X>
              <Y>1705</Y>
            </Point>
            <Point>
              <X>6156</X>
              <Y>1703</Y>
            </Point>
          </_Points>
        </Polygon>
        <Polygon>
          <_Color>
            <A>255</A>
            <R>0</R>
            <G>0</G>
            <B>0</B>
            <ScA>1</ScA>
            <ScR>0</ScR>
            <ScG>0</ScG>
            <ScB>0</ScB>
          </_Color>
          <_Points>
            <Point>
              <X>5914</X>
              <Y>1673</Y>
            </Point>
            <Point>
              <X>5915</X>
              <Y>1705</Y>
            </Point>
            <Point>
              <X>5965</X>
              <Y>1704</Y>
            </Point>
            <Point>
              <X>5963</X>
              <Y>1543</Y>
            </Point>
            <Point>
              <X>5211</X>
              <Y>1542</Y>
            </Point>
            <Point>
              <X>5211</X>
              <Y>1136</Y>
            </Point>
            <Point>
              <X>4244</X>
              <Y>1135</Y>
            </Point>
            <Point>
              <X>4248</X>
              <Y>1672</Y>
            </Point>
            <Point>
              <X>5914</X>
              <Y>1673</Y>
            </Point>
          </_Points>
        </Polygon>
        <Polygon>
          <_Color>
            <A>255</A>
            <R>0</R>
            <G>0</G>
            <B>0</B>
            <ScA>1</ScA>
            <ScR>0</ScR>
            <ScG>0</ScG>
            <ScB>0</ScB>
          </_Color>
          <_Points>
            <Point>
              <X>5915</X>
              <Y>1705</Y>
            </Point>
            <Point>
              <X>5914</X>
              <Y>1846</Y>
            </Point>
            <Point>
              <X>5700</X>
              <Y>1847</Y>
            </Point>
            <Point>
              <X>5691</X>
              <Y>3096</Y>
            </Point>
            <Point>
              <X>5592</X>
              <Y>3095</Y>
            </Point>
            <Point>
              <X>5593</X>
              <Y>1760</Y>
            </Point>
            <Point>
              <X>4292</X>
              <Y>1761</Y>
            </Point>
            <Point>
              <X>4248</X>
              <Y>1672</Y>
            </Point>
          </_Points>
        </Polygon>
        <Polygon>
          <_Color>
            <A>255</A>
            <R>0</R>
            <G>0</G>
            <B>0</B>
            <ScA>1</ScA>
            <ScR>0</ScR>
            <ScG>0</ScG>
            <ScB>0</ScB>
          </_Color>
          <_Points>
            <Point>
              <X>4127</X>
              <Y>1673</Y>
            </Point>
            <Point>
              <X>4098</X>
              <Y>1758</Y>
            </Point>
            <Point>
              <X>2112</X>
              <Y>1760</Y>
            </Point>
          </_Points>
        </Polygon>
        <Polygon>
          <_Color>
            <A>255</A>
            <R>0</R>
            <G>0</G>
            <B>0</B>
            <ScA>1</ScA>
            <ScR>0</ScR>
            <ScG>0</ScG>
            <ScB>0</ScB>
          </_Color>
          <_Points>
            <Point>
              <X>2030</X>
              <Y>1679</Y>
            </Point>
            <Point>
              <X>2027</X>
              <Y>4977</Y>
            </Point>
            <Point>
              <X>5598</X>
              <Y>4978</Y>
            </Point>
            <Point>
              <X>5599</X>
              <Y>5573</Y>
            </Point>
            <Point>
              <X>6698</X>
              <Y>5574</Y>
            </Point>
            <Point>
              <X>6696</X>
              <Y>5484</Y>
            </Point>
            <Point>
              <X>5690</X>
              <Y>5481</Y>
            </Point>
          </_Points>
        </Polygon>
        <Polygon>
          <_Color>
            <A>255</A>
            <R>0</R>
            <G>0</G>
            <B>0</B>
            <ScA>1</ScA>
            <ScR>0</ScR>
            <ScG>0</ScG>
            <ScB>0</ScB>
          </_Color>
          <_Points>
            <Point>
              <X>5694</X>
              <Y>5478</Y>
            </Point>
            <Point>
              <X>5688</X>
              <Y>4435</Y>
            </Point>
            <Point>
              <X>5598</X>
              <Y>4434</Y>
            </Point>
            <Point>
              <X>5595</X>
              <Y>4868</Y>
            </Point>
            <Point>
              <X>2109</X>
              <Y>4865</Y>
            </Point>
            <Point>
              <X>2106</X>
              <Y>4869</Y>
            </Point>
            <Point>
              <X>5595</X>
              <Y>4868</Y>
            </Point>
          </_Points>
        </Polygon>
        <Polygon>
          <_Color>
            <A>255</A>
            <R>0</R>
            <G>0</G>
            <B>0</B>
            <ScA>1</ScA>
            <ScR>0</ScR>
            <ScG>0</ScG>
            <ScB>0</ScB>
          </_Color>
          <_Points>
            <Point>
              <X>2109</X>
              <Y>4865</Y>
            </Point>
            <Point>
              <X>2107</X>
              <Y>1757</Y>
            </Point>
            <Point>
              <X>4093</X>
              <Y>1751</Y>
            </Point>
            <Point>
              <X>4119</X>
              <Y>1679</Y>
            </Point>
            <Point>
              <X>2030</X>
              <Y>1679</Y>
            </Point>
          </_Points>
        </Polygon>
        <Polygon>
          <_Color>
            <A>255</A>
            <R>0</R>
            <G>0</G>
            <B>0</B>
            <ScA>1</ScA>
            <ScR>0</ScR>
            <ScG>0</ScG>
            <ScB>0</ScB>
          </_Color>
          <_Points>
            <Point>
              <X>4256</X>
              <Y>1678</Y>
            </Point>
            <Point>
              <X>4296</X>
              <Y>1756</Y>
            </Point>
            <Point>
              <X>5596</X>
              <Y>1756</Y>
            </Point>
            <Point>
              <X>5596</X>
              <Y>3089</Y>
            </Point>
            <Point>
              <X>5687</X>
              <Y>3090</Y>
            </Point>
            <Point>
              <X>5696</X>
              <Y>1843</Y>
            </Point>
            <Point>
              <X>5909</X>
              <Y>1841</Y>
            </Point>
            <Point>
              <X>5909</X>
              <Y>1678</Y>
            </Point>
          </_Points>
        </Polygon>
        <Polygon>
          <_Color>
            <A>255</A>
            <R>0</R>
            <G>0</G>
            <B>0</B>
            <ScA>1</ScA>
            <ScR>0</ScR>
            <ScG>0</ScG>
            <ScB>0</ScB>
          </_Color>
          <_Points>
            <Point>
              <X>5915</X>
              <Y>1697</Y>
            </Point>
            <Point>
              <X>5961</X>
              <Y>1698</Y>
            </Point>
            <Point>
              <X>5958</X>
              <Y>1547</Y>
            </Point>
            <Point>
              <X>5207</X>
              <Y>1546</Y>
            </Point>
            <Point>
              <X>5205</X>
              <Y>1141</Y>
            </Point>
            <Point>
              <X>4248</X>
              <Y>1140</Y>
            </Point>
            <Point>
              <X>4256</X>
              <Y>1678</Y>
            </Point>
          </_Points>
        </Polygon>
        <Polygon>
          <_Color>
            <A>255</A>
            <R>0</R>
            <G>0</G>
            <B>0</B>
            <ScA>1</ScA>
            <ScR>0</ScR>
            <ScG>0</ScG>
            <ScB>0</ScB>
          </_Color>
          <_Points>
            <Point>
              <X>4119</X>
              <Y>1679</Y>
            </Point>
            <Point>
              <X>4025</X>
              <Y>1144</Y>
            </Point>
            <Point>
              <X>3794</X>
              <Y>1141</Y>
            </Point>
            <Point>
              <X>3789</X>
              <Y>1396</Y>
            </Point>
            <Point>
              <X>3795</X>
              <Y>1399</Y>
            </Point>
            <Point>
              <X>3794</X>
              <Y>1141</Y>
            </Point>
          </_Points>
        </Polygon>
        <Polygon>
          <_Color>
            <A>255</A>
            <R>0</R>
            <G>0</G>
            <B>0</B>
            <ScA>1</ScA>
            <ScR>0</ScR>
            <ScG>0</ScG>
            <ScB>0</ScB>
          </_Color>
          <_Points>
            <Point>
              <X>3795</X>
              <Y>1399</Y>
            </Point>
            <Point>
              <X>3596</X>
              <Y>1396</Y>
            </Point>
            <Point>
              <X>3596</X>
              <Y>1401</Y>
            </Point>
            <Point>
              <X>3795</X>
              <Y>1399</Y>
            </Point>
          </_Points>
        </Polygon>
        <Polygon>
          <_Color>
            <A>255</A>
            <R>0</R>
            <G>0</G>
            <B>0</B>
            <ScA>1</ScA>
            <ScR>0</ScR>
            <ScG>0</ScG>
            <ScB>0</ScB>
          </_Color>
          <_Points>
            <Point>
              <X>3596</X>
              <Y>1401</Y>
            </Point>
            <Point>
              <X>3589</X>
              <Y>1396</Y>
            </Point>
            <Point>
              <X>3592</X>
              <Y>906</Y>
            </Point>
          </_Points>
        </Polygon>
        <Polygon>
          <_Color>
            <A>255</A>
            <R>0</R>
            <G>0</G>
            <B>0</B>
            <ScA>1</ScA>
            <ScR>0</ScR>
            <ScG>0</ScG>
            <ScB>0</ScB>
          </_Color>
          <_Points>
            <Point>
              <X>5459</X>
              <Y>2911</Y>
            </Point>
            <Point>
              <X>5529</X>
              <Y>2913</Y>
            </Point>
            <Point>
              <X>5528</X>
              <Y>2273</Y>
            </Point>
            <Point>
              <X>5459</X>
              <Y>2273</Y>
            </Point>
            <Point>
              <X>5459</X>
              <Y>2911</Y>
            </Point>
          </_Points>
        </Polygon>
        <Polygon>
          <_Color>
            <A>255</A>
            <R>0</R>
            <G>0</G>
            <B>0</B>
            <ScA>1</ScA>
            <ScR>0</ScR>
            <ScG>0</ScG>
            <ScB>0</ScB>
          </_Color>
          <_Points>
            <Point>
              <X>5526</X>
              <Y>3007</Y>
            </Point>
            <Point>
              <X>5437</X>
              <Y>3002</Y>
            </Point>
            <Point>
              <X>5258</X>
              <Y>2776</Y>
            </Point>
            <Point>
              <X>4778</X>
              <Y>2774</Y>
            </Point>
            <Point>
              <X>4587</X>
              <Y>3024</Y>
            </Point>
            <Point>
              <X>4632</X>
              <Y>3058</Y>
            </Point>
            <Point>
              <X>4815</X>
              <Y>2827</Y>
            </Point>
            <Point>
              <X>5222</X>
              <Y>2827</Y>
            </Point>
            <Point>
              <X>5407</X>
              <Y>3059</Y>
            </Point>
            <Point>
              <X>5524</X>
              <Y>3058</Y>
            </Point>
            <Point>
              <X>5526</X>
              <Y>3007</Y>
            </Point>
          </_Points>
        </Polygon>
        <Polygon>
          <_Color>
            <A>255</A>
            <R>0</R>
            <G>0</G>
            <B>0</B>
            <ScA>1</ScA>
            <ScR>0</ScR>
            <ScG>0</ScG>
            <ScB>0</ScB>
          </_Color>
          <_Points>
            <Point>
              <X>4622</X>
              <Y>2803</Y>
            </Point>
            <Point>
              <X>4575</X>
              <Y>2801</Y>
            </Point>
            <Point>
              <X>4576</X>
              <Y>2243</Y>
            </Point>
            <Point>
              <X>4621</X>
              <Y>2242</Y>
            </Point>
            <Point>
              <X>4622</X>
              <Y>2803</Y>
            </Point>
          </_Points>
        </Polygon>
        <Polygon>
          <_Color>
            <A>255</A>
            <R>0</R>
            <G>0</G>
            <B>0</B>
            <ScA>1</ScA>
            <ScR>0</ScR>
            <ScG>0</ScG>
            <ScB>0</ScB>
          </_Color>
          <_Points>
            <Point>
              <X>4963</X>
              <Y>3073</Y>
            </Point>
            <Point>
              <X>5143</X>
              <Y>3072</Y>
            </Point>
            <Point>
              <X>5143</X>
              <Y>3451</Y>
            </Point>
            <Point>
              <X>4963</X>
              <Y>3453</Y>
            </Point>
            <Point>
              <X>4963</X>
              <Y>3073</Y>
            </Point>
          </_Points>
        </Polygon>
        <Polygon>
          <_Color>
            <A>255</A>
            <R>0</R>
            <G>0</G>
            <B>0</B>
            <ScA>1</ScA>
            <ScR>0</ScR>
            <ScG>0</ScG>
            <ScB>0</ScB>
          </_Color>
          <_Points>
            <Point>
              <X>4968</X>
              <Y>3077</Y>
            </Point>
            <Point>
              <X>4970</X>
              <Y>3448</Y>
            </Point>
            <Point>
              <X>5137</X>
              <Y>3445</Y>
            </Point>
            <Point>
              <X>5137</X>
              <Y>3078</Y>
            </Point>
            <Point>
              <X>4968</X>
              <Y>3077</Y>
            </Point>
          </_Points>
        </Polygon>
        <Polygon>
          <_Color>
            <A>255</A>
            <R>0</R>
            <G>0</G>
            <B>0</B>
            <ScA>1</ScA>
            <ScR>0</ScR>
            <ScG>0</ScG>
            <ScB>0</ScB>
          </_Color>
          <_Points>
            <Point>
              <X>4631</X>
              <Y>3447</Y>
            </Point>
            <Point>
              <X>4587</X>
              <Y>3482</Y>
            </Point>
            <Point>
              <X>4778</X>
              <Y>3729</Y>
            </Point>
            <Point>
              <X>5257</X>
              <Y>3730</Y>
            </Point>
            <Point>
              <X>5439</X>
              <Y>3498</Y>
            </Point>
            <Point>
              <X>5524</X>
              <Y>3499</Y>
            </Point>
            <Point>
              <X>5525</X>
              <Y>3450</Y>
            </Point>
            <Point>
              <X>5405</X>
              <Y>3447</Y>
            </Point>
            <Point>
              <X>5222</X>
              <Y>3678</Y>
            </Point>
            <Point>
              <X>4813</X>
              <Y>3678</Y>
            </Point>
            <Point>
              <X>4631</X>
              <Y>3447</Y>
            </Point>
          </_Points>
        </Polygon>
        <Polygon>
          <_Color>
            <A>255</A>
            <R>0</R>
            <G>0</G>
            <B>0</B>
            <ScA>1</ScA>
            <ScR>0</ScR>
            <ScG>0</ScG>
            <ScB>0</ScB>
          </_Color>
          <_Points>
            <Point>
              <X>4585</X>
              <Y>3723</Y>
            </Point>
            <Point>
              <X>4631</X>
              <Y>3725</Y>
            </Point>
            <Point>
              <X>4632</X>
              <Y>4285</Y>
            </Point>
            <Point>
              <X>4587</X>
              <Y>4284</Y>
            </Point>
            <Point>
              <X>4585</X>
              <Y>3723</Y>
            </Point>
          </_Points>
        </Polygon>
        <Polygon>
          <_Color>
            <A>255</A>
            <R>0</R>
            <G>0</G>
            <B>0</B>
            <ScA>1</ScA>
            <ScR>0</ScR>
            <ScG>0</ScG>
            <ScB>0</ScB>
          </_Color>
          <_Points>
            <Point>
              <X>5454</X>
              <Y>3593</Y>
            </Point>
            <Point>
              <X>5521</X>
              <Y>3592</Y>
            </Point>
            <Point>
              <X>5521</X>
              <Y>4253</Y>
            </Point>
            <Point>
              <X>5454</X>
              <Y>4251</Y>
            </Point>
            <Point>
              <X>5454</X>
              <Y>3593</Y>
            </Point>
          </_Points>
        </Polygon>
        <Polygon>
          <_Color>
            <A>255</A>
            <R>0</R>
            <G>0</G>
            <B>0</B>
            <ScA>1</ScA>
            <ScR>0</ScR>
            <ScG>0</ScG>
            <ScB>0</ScB>
          </_Color>
          <_Points>
            <Point>
              <X>4983</X>
              <Y>4240</Y>
            </Point>
            <Point>
              <X>5183</X>
              <Y>4040</Y>
            </Point>
            <Point>
              <X>5254</X>
              <Y>4111</Y>
            </Point>
            <Point>
              <X>5054</X>
              <Y>4310</Y>
            </Point>
            <Point>
              <X>4983</X>
              <Y>4240</Y>
            </Point>
          </_Points>
        </Polygon>
        <Polygon>
          <_Color>
            <A>255</A>
            <R>0</R>
            <G>0</G>
            <B>0</B>
            <ScA>1</ScA>
            <ScR>0</ScR>
            <ScG>0</ScG>
            <ScB>0</ScB>
          </_Color>
          <_Points>
            <Point>
              <X>4991</X>
              <Y>4240</Y>
            </Point>
            <Point>
              <X>5183</X>
              <Y>4047</Y>
            </Point>
            <Point>
              <X>5246</X>
              <Y>4111</Y>
            </Point>
            <Point>
              <X>5054</X>
              <Y>4303</Y>
            </Point>
            <Point>
              <X>4991</X>
              <Y>4240</Y>
            </Point>
          </_Points>
        </Polygon>
        <Polygon>
          <_Color>
            <A>255</A>
            <R>0</R>
            <G>0</G>
            <B>0</B>
            <ScA>1</ScA>
            <ScR>0</ScR>
            <ScG>0</ScG>
            <ScB>0</ScB>
          </_Color>
          <_Points>
            <Point>
              <X>5594</X>
              <Y>4166</Y>
            </Point>
            <Point>
              <X>5692</X>
              <Y>4166</Y>
            </Point>
            <Point>
              <X>5693</X>
              <Y>3395</Y>
            </Point>
            <Point>
              <X>5593</X>
              <Y>3393</Y>
            </Point>
            <Point>
              <X>5594</X>
              <Y>4166</Y>
            </Point>
          </_Points>
        </Polygon>
        <Polygon>
          <_Color>
            <A>255</A>
            <R>0</R>
            <G>0</G>
            <B>0</B>
            <ScA>1</ScA>
            <ScR>0</ScR>
            <ScG>0</ScG>
            <ScB>0</ScB>
          </_Color>
          <_Points>
            <Point>
              <X>5599</X>
              <Y>4160</Y>
            </Point>
            <Point>
              <X>5597</X>
              <Y>3398</Y>
            </Point>
            <Point>
              <X>5688</X>
              <Y>3401</Y>
            </Point>
            <Point>
              <X>5687</X>
              <Y>4159</Y>
            </Point>
            <Point>
              <X>5599</X>
              <Y>4160</Y>
            </Point>
          </_Points>
        </Polygon>
        <Polygon>
          <_Color>
            <A>255</A>
            <R>0</R>
            <G>0</G>
            <B>0</B>
            <ScA>1</ScA>
            <ScR>0</ScR>
            <ScG>0</ScG>
            <ScB>0</ScB>
          </_Color>
          <_Points>
            <Point>
              <X>3503</X>
              <Y>2186</Y>
            </Point>
            <Point>
              <X>3503</X>
              <Y>2233</Y>
            </Point>
            <Point>
              <X>3858</X>
              <Y>2236</Y>
            </Point>
            <Point>
              <X>3859</X>
              <Y>2563</Y>
            </Point>
            <Point>
              <X>3908</X>
              <Y>2564</Y>
            </Point>
            <Point>
              <X>3906</X>
              <Y>2186</Y>
            </Point>
            <Point>
              <X>3503</X>
              <Y>2186</Y>
            </Point>
          </_Points>
        </Polygon>
        <Polygon>
          <_Color>
            <A>255</A>
            <R>0</R>
            <G>0</G>
            <B>0</B>
            <ScA>1</ScA>
            <ScR>0</ScR>
            <ScG>0</ScG>
            <ScB>0</ScB>
          </_Color>
          <_Points>
            <Point>
              <X>3507</X>
              <Y>2190</Y>
            </Point>
            <Point>
              <X>3902</X>
              <Y>2189</Y>
            </Point>
            <Point>
              <X>3905</X>
              <Y>2560</Y>
            </Point>
            <Point>
              <X>3862</X>
              <Y>2557</Y>
            </Point>
            <Point>
              <X>3858</X>
              <Y>2236</Y>
            </Point>
            <Point>
              <X>3858</X>
              <Y>2236</Y>
            </Point>
          </_Points>
        </Polygon>
        <Polygon>
          <_Color>
            <A>255</A>
            <R>0</R>
            <G>0</G>
            <B>0</B>
            <ScA>1</ScA>
            <ScR>0</ScR>
            <ScG>0</ScG>
            <ScB>0</ScB>
          </_Color>
          <_Points>
            <Point>
              <X>3862</X>
              <Y>2557</Y>
            </Point>
            <Point>
              <X>3862</X>
              <Y>2233</Y>
            </Point>
            <Point>
              <X>3508</X>
              <Y>2228</Y>
            </Point>
            <Point>
              <X>3507</X>
              <Y>2190</Y>
            </Point>
          </_Points>
        </Polygon>
        <Polygon>
          <_Color>
            <A>255</A>
            <R>0</R>
            <G>0</G>
            <B>0</B>
            <ScA>1</ScA>
            <ScR>0</ScR>
            <ScG>0</ScG>
            <ScB>0</ScB>
          </_Color>
          <_Points>
            <Point>
              <X>3331</X>
              <Y>2186</Y>
            </Point>
            <Point>
              <X>3330</X>
              <Y>2234</Y>
            </Point>
            <Point>
              <X>3002</X>
              <Y>2235</Y>
            </Point>
            <Point>
              <X>3001</X>
              <Y>3288</Y>
            </Point>
            <Point>
              <X>2953</X>
              <Y>3289</Y>
            </Point>
            <Point>
              <X>2952</X>
              <Y>2854</Y>
            </Point>
            <Point>
              <X>2768</X>
              <Y>2853</Y>
            </Point>
            <Point>
              <X>2767</X>
              <Y>2992</Y>
            </Point>
            <Point>
              <X>2718</X>
              <Y>2993</Y>
            </Point>
            <Point>
              <X>2675</X>
              <Y>2852</Y>
            </Point>
            <Point>
              <X>2720</X>
              <Y>2791</Y>
            </Point>
            <Point>
              <X>2792</X>
              <Y>2814</Y>
            </Point>
            <Point>
              <X>2952</X>
              <Y>2811</Y>
            </Point>
            <Point>
              <X>2952</X>
              <Y>2186</Y>
            </Point>
            <Point>
              <X>3331</X>
              <Y>2186</Y>
            </Point>
          </_Points>
        </Polygon>
        <Polygon>
          <_Color>
            <A>255</A>
            <R>0</R>
            <G>0</G>
            <B>0</B>
            <ScA>1</ScA>
            <ScR>0</ScR>
            <ScG>0</ScG>
            <ScB>0</ScB>
          </_Color>
          <_Points>
            <Point>
              <X>3327</X>
              <Y>2190</Y>
            </Point>
            <Point>
              <X>3326</X>
              <Y>2229</Y>
            </Point>
            <Point>
              <X>2998</X>
              <Y>2231</Y>
            </Point>
            <Point>
              <X>2997</X>
              <Y>3282</Y>
            </Point>
            <Point>
              <X>2958</X>
              <Y>3281</Y>
            </Point>
            <Point>
              <X>2958</X>
              <Y>2851</Y>
            </Point>
            <Point>
              <X>2762</X>
              <Y>2848</Y>
            </Point>
            <Point>
              <X>2761</X>
              <Y>2987</Y>
            </Point>
            <Point>
              <X>2721</X>
              <Y>2987</Y>
            </Point>
            <Point>
              <X>2681</X>
              <Y>2854</Y>
            </Point>
            <Point>
              <X>2721</X>
              <Y>2796</Y>
            </Point>
            <Point>
              <X>2790</X>
              <Y>2819</Y>
            </Point>
            <Point>
              <X>2957</X>
              <Y>2813</Y>
            </Point>
            <Point>
              <X>2955</X>
              <Y>2190</Y>
            </Point>
            <Point>
              <X>3327</X>
              <Y>2190</Y>
            </Point>
          </_Points>
        </Polygon>
        <Polygon>
          <_Color>
            <A>255</A>
            <R>0</R>
            <G>0</G>
            <B>0</B>
            <ScA>1</ScA>
            <ScR>0</ScR>
            <ScG>0</ScG>
            <ScB>0</ScB>
          </_Color>
          <_Points>
            <Point>
              <X>2719</X>
              <Y>3170</Y>
            </Point>
            <Point>
              <X>2767</X>
              <Y>3173</Y>
            </Point>
            <Point>
              <X>2768</X>
              <Y>3527</Y>
            </Point>
            <Point>
              <X>2953</X>
              <Y>3529</Y>
            </Point>
            <Point>
              <X>2952</X>
              <Y>3387</Y>
            </Point>
            <Point>
              <X>3000</X>
              <Y>3389</Y>
            </Point>
            <Point>
              <X>3002</X>
              <Y>3885</Y>
            </Point>
            <Point>
              <X>2954</X>
              <Y>3885</Y>
            </Point>
            <Point>
              <X>2951</X>
              <Y>3571</Y>
            </Point>
            <Point>
              <X>2795</X>
              <Y>3572</Y>
            </Point>
            <Point>
              <X>2720</X>
              <Y>3593</Y>
            </Point>
            <Point>
              <X>2675</X>
              <Y>3529</Y>
            </Point>
            <Point>
              <X>2720</X>
              <Y>3380</Y>
            </Point>
            <Point>
              <X>2719</X>
              <Y>3170</Y>
            </Point>
          </_Points>
        </Polygon>
        <Polygon>
          <_Color>
            <A>255</A>
            <R>0</R>
            <G>0</G>
            <B>0</B>
            <ScA>1</ScA>
            <ScR>0</ScR>
            <ScG>0</ScG>
            <ScB>0</ScB>
          </_Color>
          <_Points>
            <Point>
              <X>2723</X>
              <Y>3176</Y>
            </Point>
            <Point>
              <X>2762</X>
              <Y>3178</Y>
            </Point>
            <Point>
              <X>2765</X>
              <Y>3531</Y>
            </Point>
            <Point>
              <X>2957</X>
              <Y>3533</Y>
            </Point>
            <Point>
              <X>2956</X>
              <Y>3393</Y>
            </Point>
            <Point>
              <X>2995</X>
              <Y>3394</Y>
            </Point>
            <Point>
              <X>2998</X>
              <Y>3880</Y>
            </Point>
            <Point>
              <X>2958</X>
              <Y>3879</Y>
            </Point>
            <Point>
              <X>2956</X>
              <Y>3568</Y>
            </Point>
            <Point>
              <X>2789</X>
              <Y>3567</Y>
            </Point>
            <Point>
              <X>2722</X>
              <Y>3585</Y>
            </Point>
            <Point>
              <X>2681</X>
              <Y>3527</Y>
            </Point>
            <Point>
              <X>2726</X>
              <Y>3382</Y>
            </Point>
            <Point>
              <X>2723</X>
              <Y>3176</Y>
            </Point>
          </_Points>
        </Polygon>
        <Polygon>
          <_Color>
            <A>255</A>
            <R>0</R>
            <G>0</G>
            <B>0</B>
            <ScA>1</ScA>
            <ScR>0</ScR>
            <ScG>0</ScG>
            <ScB>0</ScB>
          </_Color>
          <_Points>
            <Point>
              <X>2953</X>
              <Y>3988</Y>
            </Point>
            <Point>
              <X>3001</X>
              <Y>3988</Y>
            </Point>
            <Point>
              <X>2952</X>
              <Y>4340</Y>
            </Point>
            <Point>
              <X>2953</X>
              <Y>3988</Y>
            </Point>
          </_Points>
        </Polygon>
        <Polygon>
          <_Color>
            <A>255</A>
            <R>0</R>
            <G>0</G>
            <B>0</B>
            <ScA>1</ScA>
            <ScR>0</ScR>
            <ScG>0</ScG>
            <ScB>0</ScB>
          </_Color>
          <_Points>
            <Point>
              <X>3001</X>
              <Y>3988</Y>
            </Point>
            <Point>
              <X>3002</X>
              <Y>4290</Y>
            </Point>
            <Point>
              <X>3399</X>
              <Y>4291</Y>
            </Point>
            <Point>
              <X>3400</X>
              <Y>4341</Y>
            </Point>
            <Point>
              <X>2952</X>
              <Y>4340</Y>
            </Point>
          </_Points>
        </Polygon>
        <Polygon>
          <_Color>
            <A>255</A>
            <R>0</R>
            <G>0</G>
            <B>0</B>
            <ScA>1</ScA>
            <ScR>0</ScR>
            <ScG>0</ScG>
            <ScB>0</ScB>
          </_Color>
          <_Points>
            <Point>
              <X>2957</X>
              <Y>4334</Y>
            </Point>
            <Point>
              <X>2957</X>
              <Y>3993</Y>
            </Point>
            <Point>
              <X>2996</X>
              <Y>3993</Y>
            </Point>
            <Point>
              <X>2999</X>
              <Y>4294</Y>
            </Point>
            <Point>
              <X>3392</X>
              <Y>4296</Y>
            </Point>
            <Point>
              <X>3394</X>
              <Y>4336</Y>
            </Point>
            <Point>
              <X>2957</X>
              <Y>4334</Y>
            </Point>
          </_Points>
        </Polygon>
        <Polygon>
          <_Color>
            <A>255</A>
            <R>0</R>
            <G>0</G>
            <B>0</B>
            <ScA>1</ScA>
            <ScR>0</ScR>
            <ScG>0</ScG>
            <ScB>0</ScB>
          </_Color>
          <_Points>
            <Point>
              <X>3502</X>
              <Y>4294</Y>
            </Point>
            <Point>
              <X>3503</X>
              <Y>4340</Y>
            </Point>
            <Point>
              <X>3907</X>
              <Y>4338</Y>
            </Point>
            <Point>
              <X>3908</X>
              <Y>3988</Y>
            </Point>
            <Point>
              <X>3859</X>
              <Y>3989</Y>
            </Point>
            <Point>
              <X>3859</X>
              <Y>4294</Y>
            </Point>
            <Point>
              <X>3502</X>
              <Y>4294</Y>
            </Point>
          </_Points>
        </Polygon>
        <Polygon>
          <_Color>
            <A>255</A>
            <R>0</R>
            <G>0</G>
            <B>0</B>
            <ScA>1</ScA>
            <ScR>0</ScR>
            <ScG>0</ScG>
            <ScB>0</ScB>
          </_Color>
          <_Points>
            <Point>
              <X>3506</X>
              <Y>4299</Y>
            </Point>
            <Point>
              <X>3508</X>
              <Y>4336</Y>
            </Point>
            <Point>
              <X>3903</X>
              <Y>4333</Y>
            </Point>
            <Point>
              <X>3904</X>
              <Y>3994</Y>
            </Point>
            <Point>
              <X>3863</X>
              <Y>3995</Y>
            </Point>
            <Point>
              <X>3859</X>
              <Y>4294</Y>
            </Point>
          </_Points>
        </Polygon>
        <Polygon>
          <_Color>
            <A>255</A>
            <R>0</R>
            <G>0</G>
            <B>0</B>
            <ScA>1</ScA>
            <ScR>0</ScR>
            <ScG>0</ScG>
            <ScB>0</ScB>
          </_Color>
          <_Points>
            <Point>
              <X>3506</X>
              <Y>4299</Y>
            </Point>
            <Point>
              <X>3864</X>
              <Y>4296</Y>
            </Point>
          </_Points>
        </Polygon>
        <Polygon>
          <_Color>
            <A>255</A>
            <R>0</R>
            <G>0</G>
            <B>0</B>
            <ScA>1</ScA>
            <ScR>0</ScR>
            <ScG>0</ScG>
            <ScB>0</ScB>
          </_Color>
          <_Points>
            <Point>
              <X>3860</X>
              <Y>3867</Y>
            </Point>
            <Point>
              <X>3907</X>
              <Y>3867</Y>
            </Point>
            <Point>
              <X>3908</X>
              <Y>3351</Y>
            </Point>
            <Point>
              <X>3860</X>
              <Y>3352</Y>
            </Point>
            <Point>
              <X>3860</X>
              <Y>3867</Y>
            </Point>
          </_Points>
        </Polygon>
        <Polygon>
          <_Color>
            <A>255</A>
            <R>0</R>
            <G>0</G>
            <B>0</B>
            <ScA>1</ScA>
            <ScR>0</ScR>
            <ScG>0</ScG>
            <ScB>0</ScB>
          </_Color>
          <_Points>
            <Point>
              <X>3864</X>
              <Y>3862</Y>
            </Point>
            <Point>
              <X>3864</X>
              <Y>3357</Y>
            </Point>
            <Point>
              <X>3904</X>
              <Y>3356</Y>
            </Point>
            <Point>
              <X>3904</X>
              <Y>3862</Y>
            </Point>
            <Point>
              <X>3864</X>
              <Y>3862</Y>
            </Point>
          </_Points>
        </Polygon>
        <Polygon>
          <_Color>
            <A>255</A>
            <R>0</R>
            <G>0</G>
            <B>0</B>
            <ScA>1</ScA>
            <ScR>0</ScR>
            <ScG>0</ScG>
            <ScB>0</ScB>
          </_Color>
          <_Points>
            <Point>
              <X>3860</X>
              <Y>3185</Y>
            </Point>
            <Point>
              <X>3909</X>
              <Y>3184</Y>
            </Point>
            <Point>
              <X>3906</X>
              <Y>2673</Y>
            </Point>
            <Point>
              <X>3859</X>
              <Y>2673</Y>
            </Point>
            <Point>
              <X>3860</X>
              <Y>3185</Y>
            </Point>
          </_Points>
        </Polygon>
        <Polygon>
          <_Color>
            <A>255</A>
            <R>0</R>
            <G>0</G>
            <B>0</B>
            <ScA>1</ScA>
            <ScR>0</ScR>
            <ScG>0</ScG>
            <ScB>0</ScB>
          </_Color>
          <_Points>
            <Point>
              <X>3864</X>
              <Y>3179</Y>
            </Point>
            <Point>
              <X>3862</X>
              <Y>2678</Y>
            </Point>
            <Point>
              <X>3902</X>
              <Y>2679</Y>
            </Point>
            <Point>
              <X>3905</X>
              <Y>3179</Y>
            </Point>
            <Point>
              <X>3864</X>
              <Y>3179</Y>
            </Point>
          </_Points>
        </Polygon>
        <Polygon>
          <_Color>
            <A>255</A>
            <R>0</R>
            <G>0</G>
            <B>0</B>
            <ScA>1</ScA>
            <ScR>0</ScR>
            <ScG>0</ScG>
            <ScB>0</ScB>
          </_Color>
          <_Points>
            <Point>
              <X>3493</X>
              <Y>2370</Y>
            </Point>
            <Point>
              <X>3685</X>
              <Y>2368</Y>
            </Point>
            <Point>
              <X>3684</X>
              <Y>2892</Y>
            </Point>
            <Point>
              <X>3660</X>
              <Y>2892</Y>
            </Point>
            <Point>
              <X>3660</X>
              <Y>2387</Y>
            </Point>
            <Point>
              <X>3493</X>
              <Y>2384</Y>
            </Point>
            <Point>
              <X>3493</X>
              <Y>2370</Y>
            </Point>
          </_Points>
        </Polygon>
        <Polygon>
          <_Color>
            <A>255</A>
            <R>0</R>
            <G>0</G>
            <B>0</B>
            <ScA>1</ScA>
            <ScR>0</ScR>
            <ScG>0</ScG>
            <ScB>0</ScB>
          </_Color>
          <_Points>
            <Point>
              <X>3494</X>
              <Y>2483</Y>
            </Point>
            <Point>
              <X>3518</X>
              <Y>2483</Y>
            </Point>
            <Point>
              <X>3519</X>
              <Y>3967</Y>
            </Point>
            <Point>
              <X>3494</X>
              <Y>3966</Y>
            </Point>
            <Point>
              <X>3494</X>
              <Y>2483</Y>
            </Point>
          </_Points>
        </Polygon>
        <Polygon>
          <_Color>
            <A>255</A>
            <R>0</R>
            <G>0</G>
            <B>0</B>
            <ScA>1</ScA>
            <ScR>0</ScR>
            <ScG>0</ScG>
            <ScB>0</ScB>
          </_Color>
          <_Points>
            <Point>
              <X>3282</X>
              <Y>3541</Y>
            </Point>
            <Point>
              <X>3307</X>
              <Y>3542</Y>
            </Point>
            <Point>
              <X>3311</X>
              <Y>4141</Y>
            </Point>
            <Point>
              <X>3658</X>
              <Y>4140</Y>
            </Point>
            <Point>
              <X>3659</X>
              <Y>4062</Y>
            </Point>
            <Point>
              <X>3685</X>
              <Y>4064</Y>
            </Point>
            <Point>
              <X>3685</X>
              <Y>4158</Y>
            </Point>
            <Point>
              <X>3284</X>
              <Y>4158</Y>
            </Point>
            <Point>
              <X>3282</X>
              <Y>3541</Y>
            </Point>
          </_Points>
        </Polygon>
        <Polygon>
          <_Color>
            <A>255</A>
            <R>0</R>
            <G>0</G>
            <B>0</B>
            <ScA>1</ScA>
            <ScR>0</ScR>
            <ScG>0</ScG>
            <ScB>0</ScB>
          </_Color>
          <_Points>
            <Point>
              <X>3661</X>
              <Y>3632</Y>
            </Point>
            <Point>
              <X>3687</X>
              <Y>3632</Y>
            </Point>
            <Point>
              <X>3686</X>
              <Y>3966</Y>
            </Point>
            <Point>
              <X>3661</X>
              <Y>3966</Y>
            </Point>
            <Point>
              <X>3661</X>
              <Y>3632</Y>
            </Point>
          </_Points>
        </Polygon>
        <Polygon>
          <_Color>
            <A>255</A>
            <R>0</R>
            <G>0</G>
            <B>0</B>
            <ScA>1</ScA>
            <ScR>0</ScR>
            <ScG>0</ScG>
            <ScB>0</ScB>
          </_Color>
          <_Points>
            <Point>
              <X>2951</X>
              <Y>4147</Y>
            </Point>
            <Point>
              <X>2909</X>
              <Y>4148</Y>
            </Point>
            <Point>
              <X>2910</X>
              <Y>4302</Y>
            </Point>
            <Point>
              <X>2952</X>
              <Y>4305</Y>
            </Point>
          </_Points>
        </Polygon>
        <Polygon>
          <_Color>
            <A>255</A>
            <R>0</R>
            <G>0</G>
            <B>0</B>
            <ScA>1</ScA>
            <ScR>0</ScR>
            <ScG>0</ScG>
            <ScB>0</ScB>
          </_Color>
          <_Points>
            <Point>
              <X>6161</X>
              <Y>1704</Y>
            </Point>
            <Point>
              <X>6161</X>
              <Y>1551</Y>
            </Point>
            <Point>
              <X>6613</X>
              <Y>1555</Y>
            </Point>
          </_Points>
        </Polygon>
        <Polygon>
          <_Color>
            <A>255</A>
            <R>0</R>
            <G>0</G>
            <B>0</B>
            <ScA>1</ScA>
            <ScR>0</ScR>
            <ScG>0</ScG>
            <ScB>0</ScB>
          </_Color>
          <_Points>
            <Point>
              <X>6704</X>
              <Y>4976</Y>
            </Point>
            <Point>
              <X>6229</X>
              <Y>4977</Y>
            </Point>
            <Point>
              <X>6229</X>
              <Y>1925</Y>
            </Point>
            <Point>
              <X>6158</X>
              <Y>1922</Y>
            </Point>
            <Point>
              <X>6161</X>
              <Y>1704</Y>
            </Point>
          </_Points>
        </Polygon>
      </_Polygons>
    </Layer>
    <Layer>
      <_Images />
      <_Polygons>
        <Polygon>
          <_Color>
            <A>255</A>
            <R>0</R>
            <G>0</G>
            <B>0</B>
            <ScA>1</ScA>
            <ScR>0</ScR>
            <ScG>0</ScG>
            <ScB>0</ScB>
          </_Color>
          <_Points>
            <Point>
              <X>6183</X>
              <Y>1705</Y>
            </Point>
          </_Points>
        </Polygon>
      </_Polygons>
    </Layer>
    <Layer>
      <_Images />
      <_Polygons />
    </Layer>
    <Layer>
      <_Images />
      <_Polygons />
    </Layer>
    <Layer>
      <_Images>
        <Image>
          <Width>5442.77017401829</Width>
          <Height>5442.77017401829</Height>
          <X>636.43365764588373</X>
          <Y>691.0630801066211</Y>
          <Path>cs_estate.jpg</Path>
        </Image>
      </_Images>
      <_Polygons />
    </Layer>
  </_Layers>
</MapDatabase>