<?xml version="1.0"?>
<MapDatabase xmlns:xsi="http://www.w3.org/2001/XMLSchema-instance" xmlns:xsd="http://www.w3.org/2001/XMLSchema">
  <_TStartPos>
    <X>5133.1626010674181</X>
    <Y>5658.8280404145426</Y>
  </_TStartPos>
  <_CStartPos>
    <X>9410.098919950362</X>
    <Y>7668.9932109385718</Y>
  </_CStartPos>
  <_Layers>
    <Layer>
      <_Images />
      <_Polygons>
        <Polygon>
          <_Color>
            <A>255</A>
            <R>0</R>
            <G>0</G>
            <B>0</B>
            <ScA>1</ScA>
            <ScR>0</ScR>
            <ScG>0</ScG>
            <ScB>0</ScB>
          </_Color>
          <_Points>
            <Point>
              <X>5251</X>
              <Y>4393</Y>
            </Point>
            <Point>
              <X>4741</X>
              <Y>4393</Y>
            </Point>
            <Point>
              <X>4741</X>
              <Y>5762</Y>
            </Point>
            <Point>
              <X>4667</X>
              <Y>5762</Y>
            </Point>
            <Point>
              <X>4664</X>
              <Y>5194</Y>
            </Point>
            <Point>
              <X>4378</X>
              <Y>5194</Y>
            </Point>
            <Point>
              <X>4374</X>
              <Y>5375</Y>
            </Point>
            <Point>
              <X>4302</X>
              <Y>5375</Y>
            </Point>
            <Point>
              <X>4229</X>
              <Y>5197</Y>
            </Point>
            <Point>
              <X>4306</X>
              <Y>5115</Y>
            </Point>
            <Point>
              <X>4407</X>
              <Y>5139</Y>
            </Point>
            <Point>
              <X>4662</X>
              <Y>5139</Y>
            </Point>
            <Point>
              <X>4664</X>
              <Y>4331</Y>
            </Point>
            <Point>
              <X>5255</X>
              <Y>4328</Y>
            </Point>
            <Point>
              <X>5252</X>
              <Y>4393</Y>
            </Point>
          </_Points>
        </Polygon>
        <Polygon>
          <_Color>
            <A>255</A>
            <R>0</R>
            <G>0</G>
            <B>0</B>
            <ScA>1</ScA>
            <ScR>0</ScR>
            <ScG>0</ScG>
            <ScB>0</ScB>
          </_Color>
          <_Points>
            <Point>
              <X>4299</X>
              <Y>5607</Y>
            </Point>
            <Point>
              <X>4297</X>
              <Y>5894</Y>
            </Point>
            <Point>
              <X>4232</X>
              <Y>6072</Y>
            </Point>
            <Point>
              <X>4297</X>
              <Y>6155</Y>
            </Point>
            <Point>
              <X>4418</X>
              <Y>6127</Y>
            </Point>
            <Point>
              <X>4662</X>
              <Y>6130</Y>
            </Point>
            <Point>
              <X>4667</X>
              <Y>6538</Y>
            </Point>
            <Point>
              <X>4741</X>
              <Y>6540</Y>
            </Point>
            <Point>
              <X>4741</X>
              <Y>5887</Y>
            </Point>
            <Point>
              <X>4667</X>
              <Y>5887</Y>
            </Point>
            <Point>
              <X>4662</X>
              <Y>6072</Y>
            </Point>
            <Point>
              <X>4377</X>
              <Y>6075</Y>
            </Point>
            <Point>
              <X>4374</X>
              <Y>5604</Y>
            </Point>
            <Point>
              <X>4299</X>
              <Y>5607</Y>
            </Point>
          </_Points>
        </Polygon>
        <Polygon>
          <_Color>
            <A>255</A>
            <R>0</R>
            <G>0</G>
            <B>0</B>
            <ScA>1</ScA>
            <ScR>0</ScR>
            <ScG>0</ScG>
            <ScB>0</ScB>
          </_Color>
          <_Points>
            <Point>
              <X>4741</X>
              <Y>6668</Y>
            </Point>
            <Point>
              <X>4741</X>
              <Y>7059</Y>
            </Point>
            <Point>
              <X>5364</X>
              <Y>7064</Y>
            </Point>
            <Point>
              <X>5365</X>
              <Y>7127</Y>
            </Point>
            <Point>
              <X>4667</X>
              <Y>7124</Y>
            </Point>
            <Point>
              <X>4662</X>
              <Y>7079</Y>
            </Point>
            <Point>
              <X>4596</X>
              <Y>7082</Y>
            </Point>
            <Point>
              <X>4596</X>
              <Y>6877</Y>
            </Point>
            <Point>
              <X>4664</X>
              <Y>6875</Y>
            </Point>
            <Point>
              <X>4667</X>
              <Y>6672</Y>
            </Point>
            <Point>
              <X>4741</X>
              <Y>6668</Y>
            </Point>
          </_Points>
        </Polygon>
        <Polygon>
          <_Color>
            <A>255</A>
            <R>0</R>
            <G>0</G>
            <B>0</B>
            <ScA>1</ScA>
            <ScR>0</ScR>
            <ScG>0</ScG>
            <ScB>0</ScB>
          </_Color>
          <_Points>
            <Point>
              <X>5523</X>
              <Y>7065</Y>
            </Point>
            <Point>
              <X>5522</X>
              <Y>7122</Y>
            </Point>
            <Point>
              <X>6146</X>
              <Y>7122</Y>
            </Point>
            <Point>
              <X>6151</X>
              <Y>6665</Y>
            </Point>
            <Point>
              <X>6075</X>
              <Y>6668</Y>
            </Point>
            <Point>
              <X>6077</X>
              <Y>7062</Y>
            </Point>
            <Point>
              <X>5526</X>
              <Y>7065</Y>
            </Point>
          </_Points>
        </Polygon>
        <Polygon>
          <_Color>
            <A>255</A>
            <R>0</R>
            <G>0</G>
            <B>0</B>
            <ScA>1</ScA>
            <ScR>0</ScR>
            <ScG>0</ScG>
            <ScB>0</ScB>
          </_Color>
          <_Points>
            <Point>
              <X>5804</X>
              <Y>6761</Y>
            </Point>
            <Point>
              <X>5803</X>
              <Y>6893</Y>
            </Point>
            <Point>
              <X>5497</X>
              <Y>6893</Y>
            </Point>
            <Point>
              <X>5177</X>
              <Y>6890</Y>
            </Point>
            <Point>
              <X>5177</X>
              <Y>6085</Y>
            </Point>
            <Point>
              <X>5217</X>
              <Y>6085</Y>
            </Point>
            <Point>
              <X>5217</X>
              <Y>6864</Y>
            </Point>
            <Point>
              <X>5762</X>
              <Y>6868</Y>
            </Point>
            <Point>
              <X>5765</X>
              <Y>6764</Y>
            </Point>
            <Point>
              <X>5804</X>
              <Y>6761</Y>
            </Point>
          </_Points>
        </Polygon>
        <Polygon>
          <_Color>
            <A>255</A>
            <R>0</R>
            <G>0</G>
            <B>0</B>
            <ScA>1</ScA>
            <ScR>0</ScR>
            <ScG>0</ScG>
            <ScB>0</ScB>
          </_Color>
          <_Points>
            <Point>
              <X>5762</X>
              <Y>6206</Y>
            </Point>
            <Point>
              <X>5765</X>
              <Y>6640</Y>
            </Point>
            <Point>
              <X>5803</X>
              <Y>6640</Y>
            </Point>
            <Point>
              <X>5804</X>
              <Y>6209</Y>
            </Point>
            <Point>
              <X>5762</X>
              <Y>6206</Y>
            </Point>
          </_Points>
        </Polygon>
        <Polygon>
          <_Color>
            <A>255</A>
            <R>0</R>
            <G>0</G>
            <B>0</B>
            <ScA>1</ScA>
            <ScR>0</ScR>
            <ScG>0</ScG>
            <ScB>0</ScB>
          </_Color>
          <_Points>
            <Point>
              <X>5546</X>
              <Y>6645</Y>
            </Point>
            <Point>
              <X>5506</X>
              <Y>6643</Y>
            </Point>
            <Point>
              <X>5504</X>
              <Y>4713</Y>
            </Point>
            <Point>
              <X>5546</X>
              <Y>4712</Y>
            </Point>
            <Point>
              <X>5546</X>
              <Y>6645</Y>
            </Point>
          </_Points>
        </Polygon>
        <Polygon>
          <_Color>
            <A>255</A>
            <R>0</R>
            <G>0</G>
            <B>0</B>
            <ScA>1</ScA>
            <ScR>0</ScR>
            <ScG>0</ScG>
            <ScB>0</ScB>
          </_Color>
          <_Points>
            <Point>
              <X>5506</X>
              <Y>4589</Y>
            </Point>
            <Point>
              <X>5762</X>
              <Y>4590</Y>
            </Point>
            <Point>
              <X>5765</X>
              <Y>5251</Y>
            </Point>
            <Point>
              <X>5804</X>
              <Y>5251</Y>
            </Point>
            <Point>
              <X>5800</X>
              <Y>4564</Y>
            </Point>
            <Point>
              <X>5506</X>
              <Y>4564</Y>
            </Point>
            <Point>
              <X>5506</X>
              <Y>4589</Y>
            </Point>
          </_Points>
        </Polygon>
        <Polygon>
          <_Color>
            <A>255</A>
            <R>0</R>
            <G>0</G>
            <B>0</B>
            <ScA>1</ScA>
            <ScR>0</ScR>
            <ScG>0</ScG>
            <ScB>0</ScB>
          </_Color>
          <_Points>
            <Point>
              <X>5522</X>
              <Y>4331</Y>
            </Point>
            <Point>
              <X>6148</X>
              <Y>4331</Y>
            </Point>
            <Point>
              <X>6148</X>
              <Y>4818</Y>
            </Point>
            <Point>
              <X>6072</X>
              <Y>4818</Y>
            </Point>
            <Point>
              <X>6077</X>
              <Y>4397</Y>
            </Point>
            <Point>
              <X>5522</X>
              <Y>4389</Y>
            </Point>
            <Point>
              <X>5522</X>
              <Y>4331</Y>
            </Point>
          </_Points>
        </Polygon>
        <Polygon>
          <_Color>
            <A>255</A>
            <R>0</R>
            <G>0</G>
            <B>0</B>
            <ScA>1</ScA>
            <ScR>0</ScR>
            <ScG>0</ScG>
            <ScB>0</ScB>
          </_Color>
          <_Points>
            <Point>
              <X>6152</X>
              <Y>5625</Y>
            </Point>
            <Point>
              <X>6151</X>
              <Y>4961</Y>
            </Point>
            <Point>
              <X>6072</X>
              <Y>4961</Y>
            </Point>
            <Point>
              <X>6075</X>
              <Y>5625</Y>
            </Point>
            <Point>
              <X>6152</X>
              <Y>5625</Y>
            </Point>
          </_Points>
        </Polygon>
        <Polygon>
          <_Color>
            <A>255</A>
            <R>0</R>
            <G>0</G>
            <B>0</B>
            <ScA>1</ScA>
            <ScR>0</ScR>
            <ScG>0</ScG>
            <ScB>0</ScB>
          </_Color>
          <_Points>
            <Point>
              <X>6148</X>
              <Y>6507</Y>
            </Point>
            <Point>
              <X>6075</X>
              <Y>6507</Y>
            </Point>
            <Point>
              <X>6075</X>
              <Y>5841</Y>
            </Point>
            <Point>
              <X>6148</X>
              <Y>5839</Y>
            </Point>
            <Point>
              <X>6148</X>
              <Y>6507</Y>
            </Point>
          </_Points>
        </Polygon>
        <Polygon>
          <_Color>
            <A>255</A>
            <R>0</R>
            <G>0</G>
            <B>0</B>
            <ScA>1</ScA>
            <ScR>0</ScR>
            <ScG>0</ScG>
            <ScB>0</ScB>
          </_Color>
          <_Points>
            <Point>
              <X>7193</X>
              <Y>4397</Y>
            </Point>
            <Point>
              <X>7265</X>
              <Y>4402</Y>
            </Point>
            <Point>
              <X>7265</X>
              <Y>5131</Y>
            </Point>
            <Point>
              <X>7191</X>
              <Y>5131</Y>
            </Point>
            <Point>
              <X>7193</X>
              <Y>4397</Y>
            </Point>
          </_Points>
        </Polygon>
        <Polygon>
          <_Color>
            <A>255</A>
            <R>0</R>
            <G>0</G>
            <B>0</B>
            <ScA>1</ScA>
            <ScR>0</ScR>
            <ScG>0</ScG>
            <ScB>0</ScB>
          </_Color>
          <_Points>
            <Point>
              <X>7208</X>
              <Y>5415</Y>
            </Point>
            <Point>
              <X>7275</X>
              <Y>5459</Y>
            </Point>
            <Point>
              <X>7561</X>
              <Y>5161</Y>
            </Point>
            <Point>
              <X>8195</X>
              <Y>5164</Y>
            </Point>
            <Point>
              <X>8484</X>
              <Y>5462</Y>
            </Point>
            <Point>
              <X>8666</X>
              <Y>5462</Y>
            </Point>
            <Point>
              <X>8671</X>
              <Y>5396</Y>
            </Point>
            <Point>
              <X>8539</X>
              <Y>5396</Y>
            </Point>
            <Point>
              <X>8252</X>
              <Y>5094</Y>
            </Point>
            <Point>
              <X>7510</X>
              <Y>5094</Y>
            </Point>
            <Point>
              <X>7208</X>
              <Y>5415</Y>
            </Point>
          </_Points>
        </Polygon>
        <Polygon>
          <_Color>
            <A>255</A>
            <R>0</R>
            <G>0</G>
            <B>0</B>
            <ScA>1</ScA>
            <ScR>0</ScR>
            <ScG>0</ScG>
            <ScB>0</ScB>
          </_Color>
          <_Points>
            <Point>
              <X>8675</X>
              <Y>5275</Y>
            </Point>
            <Point>
              <X>8566</X>
              <Y>5275</Y>
            </Point>
            <Point>
              <X>8566</X>
              <Y>4439</Y>
            </Point>
            <Point>
              <X>8675</X>
              <Y>4441</Y>
            </Point>
            <Point>
              <X>8675</X>
              <Y>5275</Y>
            </Point>
          </_Points>
        </Polygon>
        <Polygon>
          <_Color>
            <A>255</A>
            <R>0</R>
            <G>0</G>
            <B>0</B>
            <ScA>1</ScA>
            <ScR>0</ScR>
            <ScG>0</ScG>
            <ScB>0</ScB>
          </_Color>
          <_Points>
            <Point>
              <X>3350</X>
              <Y>7805</Y>
            </Point>
            <Point>
              <X>8773</X>
              <Y>7804</Y>
            </Point>
            <Point>
              <X>8775</X>
              <Y>7242</Y>
            </Point>
            <Point>
              <X>8927</X>
              <Y>7237</Y>
            </Point>
            <Point>
              <X>8931</X>
              <Y>8605</Y>
            </Point>
            <Point>
              <X>10353</X>
              <Y>8601</Y>
            </Point>
            <Point>
              <X>10354</X>
              <Y>7962</Y>
            </Point>
            <Point>
              <X>9756</X>
              <Y>7962</Y>
            </Point>
            <Point>
              <X>9753</X>
              <Y>4000</Y>
            </Point>
            <Point>
              <X>9756</X>
              <Y>3952</Y>
            </Point>
            <Point>
              <X>9757</X>
              <Y>3931</Y>
            </Point>
            <Point>
              <X>9760</X>
              <Y>3895</Y>
            </Point>
            <Point>
              <X>9699</X>
              <Y>3889</Y>
            </Point>
            <Point>
              <X>9704</X>
              <Y>3710</Y>
            </Point>
            <Point>
              <X>9650</X>
              <Y>3706</Y>
            </Point>
            <Point>
              <X>9653</X>
              <Y>3497</Y>
            </Point>
            <Point>
              <X>10176</X>
              <Y>3495</Y>
            </Point>
            <Point>
              <X>10359</X>
              <Y>3405</Y>
            </Point>
            <Point>
              <X>10363</X>
              <Y>3295</Y>
            </Point>
            <Point>
              <X>10166</X>
              <Y>3212</Y>
            </Point>
            <Point>
              <X>8521</X>
              <Y>3205</Y>
            </Point>
            <Point>
              <X>8518</X>
              <Y>2679</Y>
            </Point>
            <Point>
              <X>5667</X>
              <Y>2674</Y>
            </Point>
            <Point>
              <X>5665</X>
              <Y>3303</Y>
            </Point>
            <Point>
              <X>5968</X>
              <Y>3300</Y>
            </Point>
            <Point>
              <X>5970</X>
              <Y>2964</Y>
            </Point>
            <Point>
              <X>6345</X>
              <Y>2964</Y>
            </Point>
            <Point>
              <X>6494</X>
              <Y>3660</Y>
            </Point>
            <Point>
              <X>6445</X>
              <Y>3777</Y>
            </Point>
            <Point>
              <X>3353</X>
              <Y>3780</Y>
            </Point>
            <Point>
              <X>3350</X>
              <Y>7805</Y>
            </Point>
          </_Points>
        </Polygon>
        <Polygon>
          <_Color>
            <A>255</A>
            <R>0</R>
            <G>0</G>
            <B>0</B>
            <ScA>1</ScA>
            <ScR>0</ScR>
            <ScG>0</ScG>
            <ScB>0</ScB>
          </_Color>
          <_Points>
            <Point>
              <X>6674</X>
              <Y>2969</Y>
            </Point>
            <Point>
              <X>6678</X>
              <Y>3670</Y>
            </Point>
            <Point>
              <X>6752</X>
              <Y>3777</Y>
            </Point>
            <Point>
              <X>8775</X>
              <Y>3781</Y>
            </Point>
            <Point>
              <X>8778</X>
              <Y>5506</Y>
            </Point>
            <Point>
              <X>8924</X>
              <Y>5510</Y>
            </Point>
            <Point>
              <X>8931</X>
              <Y>3893</Y>
            </Point>
            <Point>
              <X>9276</X>
              <Y>3889</Y>
            </Point>
            <Point>
              <X>9279</X>
              <Y>3712</Y>
            </Point>
            <Point>
              <X>9359</X>
              <Y>3708</Y>
            </Point>
            <Point>
              <X>9352</X>
              <Y>3499</Y>
            </Point>
            <Point>
              <X>8185</X>
              <Y>3489</Y>
            </Point>
            <Point>
              <X>8182</X>
              <Y>2964</Y>
            </Point>
            <Point>
              <X>6674</X>
              <Y>2969</Y>
            </Point>
          </_Points>
        </Polygon>
        <Polygon>
          <_Color>
            <A>255</A>
            <R>0</R>
            <G>0</G>
            <B>0</B>
            <ScA>1</ScA>
            <ScR>0</ScR>
            <ScG>0</ScG>
            <ScB>0</ScB>
          </_Color>
          <_Points>
            <Point>
              <X>8559</X>
              <Y>6156</Y>
            </Point>
            <Point>
              <X>8556</X>
              <Y>7007</Y>
            </Point>
            <Point>
              <X>8662</X>
              <Y>7010</Y>
            </Point>
            <Point>
              <X>8666</X>
              <Y>6154</Y>
            </Point>
            <Point>
              <X>8559</X>
              <Y>6156</Y>
            </Point>
          </_Points>
        </Polygon>
        <Polygon>
          <_Color>
            <A>255</A>
            <R>0</R>
            <G>0</G>
            <B>0</B>
            <ScA>1</ScA>
            <ScR>0</ScR>
            <ScG>0</ScG>
            <ScB>0</ScB>
          </_Color>
          <_Points>
            <Point>
              <X>7824</X>
              <Y>6997</Y>
            </Point>
            <Point>
              <X>7934</X>
              <Y>7088</Y>
            </Point>
            <Point>
              <X>8247</X>
              <Y>6829</Y>
            </Point>
            <Point>
              <X>8137</X>
              <Y>6738</Y>
            </Point>
            <Point>
              <X>7824</X>
              <Y>6997</Y>
            </Point>
          </_Points>
        </Polygon>
        <Polygon>
          <_Color>
            <A>255</A>
            <R>0</R>
            <G>0</G>
            <B>0</B>
            <ScA>1</ScA>
            <ScR>0</ScR>
            <ScG>0</ScG>
            <ScB>0</ScB>
          </_Color>
          <_Points>
            <Point>
              <X>7278</X>
              <Y>7055</Y>
            </Point>
            <Point>
              <X>7278</X>
              <Y>6323</Y>
            </Point>
            <Point>
              <X>7204</X>
              <Y>6323</Y>
            </Point>
            <Point>
              <X>7204</X>
              <Y>7052</Y>
            </Point>
            <Point>
              <X>7278</X>
              <Y>7055</Y>
            </Point>
          </_Points>
        </Polygon>
        <Polygon>
          <_Color>
            <A>255</A>
            <R>0</R>
            <G>0</G>
            <B>0</B>
            <ScA>1</ScA>
            <ScR>0</ScR>
            <ScG>0</ScG>
            <ScB>0</ScB>
          </_Color>
          <_Points>
            <Point>
              <X>7211</X>
              <Y>6014</Y>
            </Point>
            <Point>
              <X>7503</X>
              <Y>6335</Y>
            </Point>
            <Point>
              <X>8252</X>
              <Y>6330</Y>
            </Point>
            <Point>
              <X>8539</X>
              <Y>6039</Y>
            </Point>
            <Point>
              <X>8672</X>
              <Y>6041</Y>
            </Point>
            <Point>
              <X>8671</X>
              <Y>5974</Y>
            </Point>
            <Point>
              <X>8484</X>
              <Y>5970</Y>
            </Point>
            <Point>
              <X>8198</X>
              <Y>6264</Y>
            </Point>
            <Point>
              <X>7561</X>
              <Y>6265</Y>
            </Point>
            <Point>
              <X>7278</X>
              <Y>5967</Y>
            </Point>
            <Point>
              <X>7211</X>
              <Y>6014</Y>
            </Point>
          </_Points>
        </Polygon>
        <Polygon>
          <_Color>
            <A>255</A>
            <R>0</R>
            <G>0</G>
            <B>0</B>
            <ScA>1</ScA>
            <ScR>0</ScR>
            <ScG>0</ScG>
            <ScB>0</ScB>
          </_Color>
          <_Points>
            <Point>
              <X>7797</X>
              <Y>5484</Y>
            </Point>
            <Point>
              <X>7800</X>
              <Y>5981</Y>
            </Point>
            <Point>
              <X>8074</X>
              <Y>5981</Y>
            </Point>
            <Point>
              <X>8075</X>
              <Y>5484</Y>
            </Point>
            <Point>
              <X>7797</X>
              <Y>5484</Y>
            </Point>
          </_Points>
        </Polygon>
        <Polygon>
          <_Color>
            <A>255</A>
            <R>0</R>
            <G>0</G>
            <B>0</B>
            <ScA>1</ScA>
            <ScR>0</ScR>
            <ScG>0</ScG>
            <ScB>0</ScB>
          </_Color>
          <_Points>
            <Point>
              <X>8775</X>
              <Y>5894</Y>
            </Point>
            <Point>
              <X>8779</X>
              <Y>6898</Y>
            </Point>
            <Point>
              <X>8923</X>
              <Y>6906</Y>
            </Point>
            <Point>
              <X>8928</X>
              <Y>5900</Y>
            </Point>
            <Point>
              <X>8775</X>
              <Y>5894</Y>
            </Point>
          </_Points>
        </Polygon>
      </_Polygons>
    </Layer>
    <Layer>
      <_Images />
      <_Polygons>
        <Polygon>
          <_Color>
            <A>255</A>
            <R>0</R>
            <G>0</G>
            <B>0</B>
            <ScA>1</ScA>
            <ScR>0</ScR>
            <ScG>0</ScG>
            <ScB>0</ScB>
          </_Color>
          <_Points>
            <Point>
              <X>23711</X>
              <Y>6533</Y>
            </Point>
          </_Points>
        </Polygon>
      </_Polygons>
    </Layer>
    <Layer>
      <_Images />
      <_Polygons />
    </Layer>
    <Layer>
      <_Images />
      <_Polygons />
    </Layer>
    <Layer>
      <_Images>
        <Image>
          <Width>8181.4101520760905</Width>
          <Height>6136.0576140570683</Height>
          <X>2441.1274204345805</X>
          <Y>2650.6659631079679</Y>
          <Path>cs_estate.jpg</Path>
        </Image>
      </_Images>
      <_Polygons />
    </Layer>
  </_Layers>
</MapDatabase>