<?xml version="1.0"?>
<MapDatabase xmlns:xsi="http://www.w3.org/2001/XMLSchema-instance" xmlns:xsd="http://www.w3.org/2001/XMLSchema">
  <_TStartPos>
    <X>1110.9331412444544</X>
    <Y>2235.9860637054271</Y>
  </_TStartPos>
  <_CStartPos>
    <X>7561.4794535111514</X>
    <Y>4551.0141539936394</Y>
  </_CStartPos>
  <_Layers>
    <Layer>
      <_Images />
      <_Polygons>
        <Polygon>
          <_Color>
            <A>255</A>
            <R>0</R>
            <G>0</G>
            <B>0</B>
            <ScA>1</ScA>
            <ScR>0</ScR>
            <ScG>0</ScG>
            <ScB>0</ScB>
          </_Color>
          <_Points>
            <Point>
              <X>1684</X>
              <Y>1545</Y>
            </Point>
            <Point>
              <X>1689</X>
              <Y>1986</Y>
            </Point>
          </_Points>
        </Polygon>
        <Polygon>
          <_Color>
            <A>255</A>
            <R>0</R>
            <G>0</G>
            <B>0</B>
            <ScA>1</ScA>
            <ScR>0</ScR>
            <ScG>0</ScG>
            <ScB>0</ScB>
          </_Color>
          <_Points>
            <Point>
              <X>1684</X>
              <Y>1543</Y>
            </Point>
            <Point>
              <X>821</X>
              <Y>1542</Y>
            </Point>
            <Point>
              <X>820</X>
              <Y>2078</Y>
            </Point>
            <Point>
              <X>765</X>
              <Y>2084</Y>
            </Point>
            <Point>
              <X>768</X>
              <Y>2350</Y>
            </Point>
            <Point>
              <X>817</X>
              <Y>2347</Y>
            </Point>
            <Point>
              <X>825</X>
              <Y>2631</Y>
            </Point>
            <Point>
              <X>1339</X>
              <Y>2627</Y>
            </Point>
            <Point>
              <X>1342</X>
              <Y>2535</Y>
            </Point>
            <Point>
              <X>2007</X>
              <Y>2533</Y>
            </Point>
          </_Points>
        </Polygon>
        <Polygon>
          <_Color>
            <A>255</A>
            <R>0</R>
            <G>0</G>
            <B>0</B>
            <ScA>1</ScA>
            <ScR>0</ScR>
            <ScG>0</ScG>
            <ScB>0</ScB>
          </_Color>
          <_Points>
            <Point>
              <X>1994</X>
              <Y>2531</Y>
            </Point>
            <Point>
              <X>1997</X>
              <Y>2661</Y>
            </Point>
            <Point>
              <X>2112</X>
              <Y>2656</Y>
            </Point>
            <Point>
              <X>2110</X>
              <Y>2798</Y>
            </Point>
            <Point>
              <X>2261</X>
              <Y>2805</Y>
            </Point>
            <Point>
              <X>2264</X>
              <Y>2940</Y>
            </Point>
            <Point>
              <X>2636</X>
              <Y>2937</Y>
            </Point>
          </_Points>
        </Polygon>
        <Polygon>
          <_Color>
            <A>255</A>
            <R>0</R>
            <G>0</G>
            <B>0</B>
            <ScA>1</ScA>
            <ScR>0</ScR>
            <ScG>0</ScG>
            <ScB>0</ScB>
          </_Color>
          <_Points>
            <Point>
              <X>2637</X>
              <Y>2940</Y>
            </Point>
            <Point>
              <X>2641</X>
              <Y>2866</Y>
            </Point>
            <Point>
              <X>3123</X>
              <Y>2867</Y>
            </Point>
            <Point>
              <X>3125</X>
              <Y>3454</Y>
            </Point>
            <Point>
              <X>2662</X>
              <Y>3456</Y>
            </Point>
            <Point>
              <X>2665</X>
              <Y>3735</Y>
            </Point>
            <Point>
              <X>2717</X>
              <Y>3735</Y>
            </Point>
            <Point>
              <X>2721</X>
              <Y>3829</Y>
            </Point>
            <Point>
              <X>2621</X>
              <Y>3838</Y>
            </Point>
            <Point>
              <X>2624</X>
              <Y>4092</Y>
            </Point>
            <Point>
              <X>2750</X>
              <Y>4086</Y>
            </Point>
            <Point>
              <X>2770</X>
              <Y>4384</Y>
            </Point>
            <Point>
              <X>2748</X>
              <Y>4384</Y>
            </Point>
          </_Points>
        </Polygon>
        <Polygon>
          <_Color>
            <A>255</A>
            <R>0</R>
            <G>0</G>
            <B>0</B>
            <ScA>1</ScA>
            <ScR>0</ScR>
            <ScG>0</ScG>
            <ScB>0</ScB>
          </_Color>
          <_Points>
            <Point>
              <X>3127</X>
              <Y>4145</Y>
            </Point>
            <Point>
              <X>3126</X>
              <Y>3885</Y>
            </Point>
            <Point>
              <X>3506</X>
              <Y>3889</Y>
            </Point>
            <Point>
              <X>3518</X>
              <Y>4352</Y>
            </Point>
            <Point>
              <X>3131</X>
              <Y>4350</Y>
            </Point>
            <Point>
              <X>3127</X>
              <Y>4145</Y>
            </Point>
          </_Points>
        </Polygon>
        <Polygon>
          <_Color>
            <A>255</A>
            <R>0</R>
            <G>0</G>
            <B>0</B>
            <ScA>1</ScA>
            <ScR>0</ScR>
            <ScG>0</ScG>
            <ScB>0</ScB>
          </_Color>
          <_Points>
            <Point>
              <X>2749</X>
              <Y>4387</Y>
            </Point>
            <Point>
              <X>2751</X>
              <Y>4508</Y>
            </Point>
            <Point>
              <X>2764</X>
              <Y>4519</Y>
            </Point>
            <Point>
              <X>2775</X>
              <Y>4717</Y>
            </Point>
            <Point>
              <X>2645</X>
              <Y>4725</Y>
            </Point>
            <Point>
              <X>2645</X>
              <Y>4931</Y>
            </Point>
            <Point>
              <X>2935</X>
              <Y>4928</Y>
            </Point>
            <Point>
              <X>2935</X>
              <Y>4697</Y>
            </Point>
          </_Points>
        </Polygon>
        <Polygon>
          <_Color>
            <A>255</A>
            <R>0</R>
            <G>0</G>
            <B>0</B>
            <ScA>1</ScA>
            <ScR>0</ScR>
            <ScG>0</ScG>
            <ScB>0</ScB>
          </_Color>
          <_Points>
            <Point>
              <X>2937</X>
              <Y>4695</Y>
            </Point>
            <Point>
              <X>3616</X>
              <Y>4701</Y>
            </Point>
            <Point>
              <X>3620</X>
              <Y>5137</Y>
            </Point>
            <Point>
              <X>4029</X>
              <Y>5137</Y>
            </Point>
            <Point>
              <X>4027</X>
              <Y>4929</Y>
            </Point>
            <Point>
              <X>3885</X>
              <Y>4931</Y>
            </Point>
            <Point>
              <X>3885</X>
              <Y>4786</Y>
            </Point>
            <Point>
              <X>4585</X>
              <Y>4778</Y>
            </Point>
            <Point>
              <X>4588</X>
              <Y>4536</Y>
            </Point>
          </_Points>
        </Polygon>
        <Polygon>
          <_Color>
            <A>255</A>
            <R>0</R>
            <G>0</G>
            <B>0</B>
            <ScA>1</ScA>
            <ScR>0</ScR>
            <ScG>0</ScG>
            <ScB>0</ScB>
          </_Color>
          <_Points>
            <Point>
              <X>4590</X>
              <Y>4535</Y>
            </Point>
            <Point>
              <X>4700</X>
              <Y>4530</Y>
            </Point>
            <Point>
              <X>4702</X>
              <Y>4550</Y>
            </Point>
            <Point>
              <X>4992</X>
              <Y>4553</Y>
            </Point>
            <Point>
              <X>4999</X>
              <Y>4832</Y>
            </Point>
            <Point>
              <X>5143</X>
              <Y>4826</Y>
            </Point>
            <Point>
              <X>5144</X>
              <Y>4556</Y>
            </Point>
            <Point>
              <X>5359</X>
              <Y>4545</Y>
            </Point>
          </_Points>
        </Polygon>
        <Polygon>
          <_Color>
            <A>255</A>
            <R>0</R>
            <G>0</G>
            <B>0</B>
            <ScA>1</ScA>
            <ScR>0</ScR>
            <ScG>0</ScG>
            <ScB>0</ScB>
          </_Color>
          <_Points>
            <Point>
              <X>5361</X>
              <Y>4546</Y>
            </Point>
            <Point>
              <X>5372</X>
              <Y>4688</Y>
            </Point>
            <Point>
              <X>5978</X>
              <Y>4692</Y>
            </Point>
          </_Points>
        </Polygon>
        <Polygon>
          <_Color>
            <A>255</A>
            <R>0</R>
            <G>0</G>
            <B>0</B>
            <ScA>1</ScA>
            <ScR>0</ScR>
            <ScG>0</ScG>
            <ScB>0</ScB>
          </_Color>
          <_Points>
            <Point>
              <X>5981</X>
              <Y>4691</Y>
            </Point>
            <Point>
              <X>6634</X>
              <Y>4526</Y>
            </Point>
            <Point>
              <X>6716</X>
              <Y>4527</Y>
            </Point>
            <Point>
              <X>6720</X>
              <Y>4819</Y>
            </Point>
            <Point>
              <X>7113</X>
              <Y>4813</Y>
            </Point>
          </_Points>
        </Polygon>
        <Polygon>
          <_Color>
            <A>255</A>
            <R>0</R>
            <G>0</G>
            <B>0</B>
            <ScA>1</ScA>
            <ScR>0</ScR>
            <ScG>0</ScG>
            <ScB>0</ScB>
          </_Color>
          <_Points>
            <Point>
              <X>7115</X>
              <Y>4813</Y>
            </Point>
            <Point>
              <X>7114</X>
              <Y>4736</Y>
            </Point>
            <Point>
              <X>7131</X>
              <Y>4741</Y>
            </Point>
            <Point>
              <X>7132</X>
              <Y>4812</Y>
            </Point>
            <Point>
              <X>7343</X>
              <Y>4810</Y>
            </Point>
            <Point>
              <X>7340</X>
              <Y>4244</Y>
            </Point>
            <Point>
              <X>7358</X>
              <Y>4242</Y>
            </Point>
            <Point>
              <X>7372</X>
              <Y>4808</Y>
            </Point>
            <Point>
              <X>7793</X>
              <Y>4803</Y>
            </Point>
            <Point>
              <X>7782</X>
              <Y>4066</Y>
            </Point>
            <Point>
              <X>7724</X>
              <Y>4067</Y>
            </Point>
            <Point>
              <X>7723</X>
              <Y>4040</Y>
            </Point>
            <Point>
              <X>7793</X>
              <Y>4037</Y>
            </Point>
          </_Points>
        </Polygon>
        <Polygon>
          <_Color>
            <A>255</A>
            <R>0</R>
            <G>0</G>
            <B>0</B>
            <ScA>1</ScA>
            <ScR>0</ScR>
            <ScG>0</ScG>
            <ScB>0</ScB>
          </_Color>
          <_Points>
            <Point>
              <X>7582</X>
              <Y>4077</Y>
            </Point>
            <Point>
              <X>7361</X>
              <Y>4079</Y>
            </Point>
            <Point>
              <X>7360</X>
              <Y>4097</Y>
            </Point>
            <Point>
              <X>7343</X>
              <Y>4097</Y>
            </Point>
            <Point>
              <X>7339</X>
              <Y>4076</Y>
            </Point>
            <Point>
              <X>7133</X>
              <Y>4080</Y>
            </Point>
            <Point>
              <X>7134</X>
              <Y>4268</Y>
            </Point>
            <Point>
              <X>7109</X>
              <Y>4269</Y>
            </Point>
            <Point>
              <X>7106</X>
              <Y>4049</Y>
            </Point>
            <Point>
              <X>7583</X>
              <Y>4052</Y>
            </Point>
            <Point>
              <X>7582</X>
              <Y>4077</Y>
            </Point>
          </_Points>
        </Polygon>
        <Polygon>
          <_Color>
            <A>255</A>
            <R>0</R>
            <G>0</G>
            <B>0</B>
            <ScA>1</ScA>
            <ScR>0</ScR>
            <ScG>0</ScG>
            <ScB>0</ScB>
          </_Color>
          <_Points>
            <Point>
              <X>7129</X>
              <Y>4380</Y>
            </Point>
            <Point>
              <X>7111</X>
              <Y>4381</Y>
            </Point>
            <Point>
              <X>7110</X>
              <Y>4616</Y>
            </Point>
            <Point>
              <X>7133</X>
              <Y>4616</Y>
            </Point>
            <Point>
              <X>7129</X>
              <Y>4380</Y>
            </Point>
          </_Points>
        </Polygon>
        <Polygon>
          <_Color>
            <A>255</A>
            <R>0</R>
            <G>0</G>
            <B>0</B>
            <ScA>1</ScA>
            <ScR>0</ScR>
            <ScG>0</ScG>
            <ScB>0</ScB>
          </_Color>
          <_Points>
            <Point>
              <X>7793</X>
              <Y>4031</Y>
            </Point>
            <Point>
              <X>7795</X>
              <Y>2779</Y>
            </Point>
            <Point>
              <X>7396</X>
              <Y>2784</Y>
            </Point>
            <Point>
              <X>7394</X>
              <Y>2870</Y>
            </Point>
            <Point>
              <X>7277</X>
              <Y>2873</Y>
            </Point>
            <Point>
              <X>7277</X>
              <Y>1632</Y>
            </Point>
          </_Points>
        </Polygon>
        <Polygon>
          <_Color>
            <A>255</A>
            <R>0</R>
            <G>0</G>
            <B>0</B>
            <ScA>1</ScA>
            <ScR>0</ScR>
            <ScG>0</ScG>
            <ScB>0</ScB>
          </_Color>
          <_Points>
            <Point>
              <X>7279</X>
              <Y>1631</Y>
            </Point>
            <Point>
              <X>7236</X>
              <Y>1603</Y>
            </Point>
            <Point>
              <X>7032</X>
              <Y>1604</Y>
            </Point>
            <Point>
              <X>6990</X>
              <Y>1566</Y>
            </Point>
            <Point>
              <X>6986</X>
              <Y>1182</Y>
            </Point>
            <Point>
              <X>6967</X>
              <Y>1156</Y>
            </Point>
            <Point>
              <X>6843</X>
              <Y>1157</Y>
            </Point>
            <Point>
              <X>6799</X>
              <Y>1126</Y>
            </Point>
            <Point>
              <X>6558</X>
              <Y>1135</Y>
            </Point>
          </_Points>
        </Polygon>
        <Polygon>
          <_Color>
            <A>255</A>
            <R>0</R>
            <G>0</G>
            <B>0</B>
            <ScA>1</ScA>
            <ScR>0</ScR>
            <ScG>0</ScG>
            <ScB>0</ScB>
          </_Color>
          <_Points>
            <Point>
              <X>6556</X>
              <Y>1136</Y>
            </Point>
            <Point>
              <X>6515</X>
              <Y>1166</Y>
            </Point>
            <Point>
              <X>6183</X>
              <Y>1166</Y>
            </Point>
            <Point>
              <X>6169</X>
              <Y>1184</Y>
            </Point>
            <Point>
              <X>6164</X>
              <Y>1621</Y>
            </Point>
            <Point>
              <X>6138</X>
              <Y>1621</Y>
            </Point>
            <Point>
              <X>6138</X>
              <Y>1657</Y>
            </Point>
            <Point>
              <X>5947</X>
              <Y>1656</Y>
            </Point>
            <Point>
              <X>5946</X>
              <Y>1585</Y>
            </Point>
            <Point>
              <X>5876</X>
              <Y>1588</Y>
            </Point>
            <Point>
              <X>5877</X>
              <Y>1567</Y>
            </Point>
            <Point>
              <X>5943</X>
              <Y>1565</Y>
            </Point>
            <Point>
              <X>5946</X>
              <Y>944</Y>
            </Point>
            <Point>
              <X>4691</X>
              <Y>935</Y>
            </Point>
          </_Points>
        </Polygon>
        <Polygon>
          <_Color>
            <A>255</A>
            <R>0</R>
            <G>0</G>
            <B>0</B>
            <ScA>1</ScA>
            <ScR>0</ScR>
            <ScG>0</ScG>
            <ScB>0</ScB>
          </_Color>
          <_Points>
            <Point>
              <X>4692</X>
              <Y>934</Y>
            </Point>
            <Point>
              <X>4693</X>
              <Y>887</Y>
            </Point>
            <Point>
              <X>3728</X>
              <Y>889</Y>
            </Point>
            <Point>
              <X>3732</X>
              <Y>1230</Y>
            </Point>
            <Point>
              <X>3814</X>
              <Y>1232</Y>
            </Point>
            <Point>
              <X>3818</X>
              <Y>1657</Y>
            </Point>
          </_Points>
        </Polygon>
        <Polygon>
          <_Color>
            <A>255</A>
            <R>0</R>
            <G>0</G>
            <B>0</B>
            <ScA>1</ScA>
            <ScR>0</ScR>
            <ScG>0</ScG>
            <ScB>0</ScB>
          </_Color>
          <_Points>
            <Point>
              <X>3817</X>
              <Y>1657</Y>
            </Point>
            <Point>
              <X>3695</X>
              <Y>1658</Y>
            </Point>
            <Point>
              <X>3694</X>
              <Y>1517</Y>
            </Point>
            <Point>
              <X>3661</X>
              <Y>1485</Y>
            </Point>
            <Point>
              <X>3559</X>
              <Y>1484</Y>
            </Point>
            <Point>
              <X>3533</X>
              <Y>1511</Y>
            </Point>
            <Point>
              <X>3530</X>
              <Y>1655</Y>
            </Point>
            <Point>
              <X>3246</X>
              <Y>1652</Y>
            </Point>
            <Point>
              <X>3243</X>
              <Y>1423</Y>
            </Point>
            <Point>
              <X>3142</X>
              <Y>1426</Y>
            </Point>
            <Point>
              <X>3139</X>
              <Y>1585</Y>
            </Point>
          </_Points>
        </Polygon>
        <Polygon>
          <_Color>
            <A>255</A>
            <R>0</R>
            <G>0</G>
            <B>0</B>
            <ScA>1</ScA>
            <ScR>0</ScR>
            <ScG>0</ScG>
            <ScB>0</ScB>
          </_Color>
          <_Points>
            <Point>
              <X>3141</X>
              <Y>1587</Y>
            </Point>
            <Point>
              <X>1991</X>
              <Y>1594</Y>
            </Point>
            <Point>
              <X>1987</X>
              <Y>1976</Y>
            </Point>
            <Point>
              <X>1690</X>
              <Y>1986</Y>
            </Point>
            <Point>
              <X>1697</X>
              <Y>1990</Y>
            </Point>
          </_Points>
        </Polygon>
        <Polygon>
          <_Color>
            <A>255</A>
            <R>0</R>
            <G>0</G>
            <B>0</B>
            <ScA>1</ScA>
            <ScR>0</ScR>
            <ScG>0</ScG>
            <ScB>0</ScB>
          </_Color>
          <_Points>
            <Point>
              <X>2094</X>
              <Y>2224</Y>
            </Point>
            <Point>
              <X>2091</X>
              <Y>2342</Y>
            </Point>
            <Point>
              <X>2246</X>
              <Y>2340</Y>
            </Point>
            <Point>
              <X>2247</X>
              <Y>2396</Y>
            </Point>
            <Point>
              <X>2418</X>
              <Y>2404</Y>
            </Point>
            <Point>
              <X>2421</X>
              <Y>2448</Y>
            </Point>
            <Point>
              <X>2640</X>
              <Y>2451</Y>
            </Point>
            <Point>
              <X>2641</X>
              <Y>2518</Y>
            </Point>
            <Point>
              <X>2830</X>
              <Y>2519</Y>
            </Point>
            <Point>
              <X>2834</X>
              <Y>2579</Y>
            </Point>
            <Point>
              <X>3305</X>
              <Y>2585</Y>
            </Point>
            <Point>
              <X>3304</X>
              <Y>2597</Y>
            </Point>
            <Point>
              <X>3630</X>
              <Y>2595</Y>
            </Point>
            <Point>
              <X>3635</X>
              <Y>2282</Y>
            </Point>
            <Point>
              <X>3764</X>
              <Y>2280</Y>
            </Point>
            <Point>
              <X>4120</X>
              <Y>2276</Y>
            </Point>
            <Point>
              <X>4120</X>
              <Y>2159</Y>
            </Point>
            <Point>
              <X>4661</X>
              <Y>2159</Y>
            </Point>
          </_Points>
        </Polygon>
        <Polygon>
          <_Color>
            <A>255</A>
            <R>0</R>
            <G>0</G>
            <B>0</B>
            <ScA>1</ScA>
            <ScR>0</ScR>
            <ScG>0</ScG>
            <ScB>0</ScB>
          </_Color>
          <_Points>
            <Point>
              <X>4660</X>
              <Y>2158</Y>
            </Point>
            <Point>
              <X>4662</X>
              <Y>2593</Y>
            </Point>
            <Point>
              <X>4568</X>
              <Y>2596</Y>
            </Point>
            <Point>
              <X>4569</X>
              <Y>2693</Y>
            </Point>
            <Point>
              <X>4781</X>
              <Y>2686</Y>
            </Point>
          </_Points>
        </Polygon>
        <Polygon>
          <_Color>
            <A>255</A>
            <R>0</R>
            <G>0</G>
            <B>0</B>
            <ScA>1</ScA>
            <ScR>0</ScR>
            <ScG>0</ScG>
            <ScB>0</ScB>
          </_Color>
          <_Points>
            <Point>
              <X>4780</X>
              <Y>2688</Y>
            </Point>
            <Point>
              <X>4786</X>
              <Y>2468</Y>
            </Point>
          </_Points>
        </Polygon>
        <Polygon>
          <_Color>
            <A>255</A>
            <R>0</R>
            <G>0</G>
            <B>0</B>
            <ScA>1</ScA>
            <ScR>0</ScR>
            <ScG>0</ScG>
            <ScB>0</ScB>
          </_Color>
          <_Points>
            <Point>
              <X>4962</X>
              <Y>2470</Y>
            </Point>
            <Point>
              <X>4787</X>
              <Y>2468</Y>
            </Point>
          </_Points>
        </Polygon>
        <Polygon>
          <_Color>
            <A>255</A>
            <R>0</R>
            <G>0</G>
            <B>0</B>
            <ScA>1</ScA>
            <ScR>0</ScR>
            <ScG>0</ScG>
            <ScB>0</ScB>
          </_Color>
          <_Points>
            <Point>
              <X>4965</X>
              <Y>2467</Y>
            </Point>
            <Point>
              <X>4965</X>
              <Y>2453</Y>
            </Point>
            <Point>
              <X>4719</X>
              <Y>2454</Y>
            </Point>
            <Point>
              <X>4714</X>
              <Y>2143</Y>
            </Point>
            <Point>
              <X>4759</X>
              <Y>2141</Y>
            </Point>
            <Point>
              <X>4761</X>
              <Y>1977</Y>
            </Point>
            <Point>
              <X>4837</X>
              <Y>1979</Y>
            </Point>
            <Point>
              <X>4837</X>
              <Y>1577</Y>
            </Point>
            <Point>
              <X>4112</X>
              <Y>1575</Y>
            </Point>
            <Point>
              <X>4106</X>
              <Y>1962</Y>
            </Point>
            <Point>
              <X>2839</X>
              <Y>1992</Y>
            </Point>
            <Point>
              <X>2839</X>
              <Y>2041</Y>
            </Point>
            <Point>
              <X>2639</X>
              <Y>2050</Y>
            </Point>
            <Point>
              <X>2636</X>
              <Y>2107</Y>
            </Point>
            <Point>
              <X>2420</X>
              <Y>2115</Y>
            </Point>
            <Point>
              <X>2420</X>
              <Y>2164</Y>
            </Point>
            <Point>
              <X>2251</X>
              <Y>2165</Y>
            </Point>
            <Point>
              <X>2249</X>
              <Y>2215</Y>
            </Point>
            <Point>
              <X>2096</X>
              <Y>2222</Y>
            </Point>
          </_Points>
        </Polygon>
        <Polygon>
          <_Color>
            <A>255</A>
            <R>0</R>
            <G>0</G>
            <B>0</B>
            <ScA>1</ScA>
            <ScR>0</ScR>
            <ScG>0</ScG>
            <ScB>0</ScB>
          </_Color>
          <_Points>
            <Point>
              <X>3336</X>
              <Y>2975</Y>
            </Point>
            <Point>
              <X>3612</X>
              <Y>2972</Y>
            </Point>
            <Point>
              <X>3614</X>
              <Y>2901</Y>
            </Point>
            <Point>
              <X>3812</X>
              <Y>2898</Y>
            </Point>
            <Point>
              <X>3812</X>
              <Y>2621</Y>
            </Point>
            <Point>
              <X>3775</X>
              <Y>2613</Y>
            </Point>
            <Point>
              <X>3777</X>
              <Y>2430</Y>
            </Point>
            <Point>
              <X>4109</X>
              <Y>2431</Y>
            </Point>
            <Point>
              <X>4116</X>
              <Y>2614</Y>
            </Point>
            <Point>
              <X>4414</X>
              <Y>2618</Y>
            </Point>
            <Point>
              <X>4445</X>
              <Y>2845</Y>
            </Point>
            <Point>
              <X>4780</X>
              <Y>2848</Y>
            </Point>
            <Point>
              <X>4782</X>
              <Y>2890</Y>
            </Point>
            <Point>
              <X>5099</X>
              <Y>2893</Y>
            </Point>
            <Point>
              <X>5096</X>
              <Y>2492</Y>
            </Point>
            <Point>
              <X>5078</X>
              <Y>2490</Y>
            </Point>
            <Point>
              <X>5078</X>
              <Y>2476</Y>
            </Point>
            <Point>
              <X>5095</X>
              <Y>2475</Y>
            </Point>
            <Point>
              <X>5097</X>
              <Y>2422</Y>
            </Point>
            <Point>
              <X>5165</X>
              <Y>2424</Y>
            </Point>
            <Point>
              <X>5170</X>
              <Y>2971</Y>
            </Point>
            <Point>
              <X>4818</X>
              <Y>2979</Y>
            </Point>
            <Point>
              <X>4822</X>
              <Y>3065</Y>
            </Point>
            <Point>
              <X>4872</X>
              <Y>3073</Y>
            </Point>
            <Point>
              <X>4870</X>
              <Y>3317</Y>
            </Point>
            <Point>
              <X>4791</X>
              <Y>3332</Y>
            </Point>
            <Point>
              <X>4792</X>
              <Y>3446</Y>
            </Point>
            <Point>
              <X>4864</X>
              <Y>3459</Y>
            </Point>
            <Point>
              <X>4875</X>
              <Y>3727</Y>
            </Point>
            <Point>
              <X>4598</X>
              <Y>3723</Y>
            </Point>
            <Point>
              <X>4592</X>
              <Y>3481</Y>
            </Point>
            <Point>
              <X>4304</X>
              <Y>3485</Y>
            </Point>
            <Point>
              <X>4302</X>
              <Y>3593</Y>
            </Point>
            <Point>
              <X>4124</X>
              <Y>3596</Y>
            </Point>
          </_Points>
        </Polygon>
        <Polygon>
          <_Color>
            <A>255</A>
            <R>0</R>
            <G>0</G>
            <B>0</B>
            <ScA>1</ScA>
            <ScR>0</ScR>
            <ScG>0</ScG>
            <ScB>0</ScB>
          </_Color>
          <_Points>
            <Point>
              <X>4000</X>
              <Y>3584</Y>
            </Point>
            <Point>
              <X>3861</X>
              <Y>3591</Y>
            </Point>
          </_Points>
        </Polygon>
        <Polygon>
          <_Color>
            <A>255</A>
            <R>0</R>
            <G>0</G>
            <B>0</B>
            <ScA>1</ScA>
            <ScR>0</ScR>
            <ScG>0</ScG>
            <ScB>0</ScB>
          </_Color>
          <_Points>
            <Point>
              <X>4123</X>
              <Y>3594</Y>
            </Point>
            <Point>
              <X>4115</X>
              <Y>3474</Y>
            </Point>
            <Point>
              <X>4003</X>
              <Y>3478</Y>
            </Point>
            <Point>
              <X>4002</X>
              <Y>3596</Y>
            </Point>
          </_Points>
        </Polygon>
        <Polygon>
          <_Color>
            <A>255</A>
            <R>0</R>
            <G>0</G>
            <B>0</B>
            <ScA>1</ScA>
            <ScR>0</ScR>
            <ScG>0</ScG>
            <ScB>0</ScB>
          </_Color>
          <_Points>
            <Point>
              <X>3860</X>
              <Y>3588</Y>
            </Point>
            <Point>
              <X>3860</X>
              <Y>3607</Y>
            </Point>
            <Point>
              <X>3806</X>
              <Y>3605</Y>
            </Point>
            <Point>
              <X>3808</X>
              <Y>3469</Y>
            </Point>
            <Point>
              <X>3328</X>
              <Y>3470</Y>
            </Point>
            <Point>
              <X>3332</X>
              <Y>2963</Y>
            </Point>
          </_Points>
        </Polygon>
        <Polygon>
          <_Color>
            <A>255</A>
            <R>0</R>
            <G>0</G>
            <B>0</B>
            <ScA>1</ScA>
            <ScR>0</ScR>
            <ScG>0</ScG>
            <ScB>0</ScB>
          </_Color>
          <_Points>
            <Point>
              <X>3813</X>
              <Y>4628</Y>
            </Point>
            <Point>
              <X>3810</X>
              <Y>3882</Y>
            </Point>
            <Point>
              <X>4287</X>
              <Y>3884</Y>
            </Point>
            <Point>
              <X>4295</X>
              <Y>4626</Y>
            </Point>
            <Point>
              <X>3813</X>
              <Y>4628</Y>
            </Point>
          </_Points>
        </Polygon>
        <Polygon>
          <_Color>
            <A>255</A>
            <R>0</R>
            <G>0</G>
            <B>0</B>
            <ScA>1</ScA>
            <ScR>0</ScR>
            <ScG>0</ScG>
            <ScB>0</ScB>
          </_Color>
          <_Points>
            <Point>
              <X>4587</X>
              <Y>4335</Y>
            </Point>
            <Point>
              <X>4585</X>
              <Y>4046</Y>
            </Point>
            <Point>
              <X>5227</X>
              <Y>4042</Y>
            </Point>
            <Point>
              <X>5220</X>
              <Y>3291</Y>
            </Point>
            <Point>
              <X>6709</X>
              <Y>3298</Y>
            </Point>
            <Point>
              <X>6707</X>
              <Y>4228</Y>
            </Point>
            <Point>
              <X>6619</X>
              <Y>4228</Y>
            </Point>
            <Point>
              <X>6615</X>
              <Y>4143</Y>
            </Point>
            <Point>
              <X>5941</X>
              <Y>4142</Y>
            </Point>
            <Point>
              <X>5941</X>
              <Y>4300</Y>
            </Point>
            <Point>
              <X>4703</X>
              <Y>4304</Y>
            </Point>
            <Point>
              <X>4706</X>
              <Y>4332</Y>
            </Point>
            <Point>
              <X>4587</X>
              <Y>4335</Y>
            </Point>
            <Point>
              <X>4790</X>
              <Y>4043</Y>
            </Point>
          </_Points>
        </Polygon>
        <Polygon>
          <_Color>
            <A>255</A>
            <R>0</R>
            <G>0</G>
            <B>0</B>
            <ScA>1</ScA>
            <ScR>0</ScR>
            <ScG>0</ScG>
            <ScB>0</ScB>
          </_Color>
          <_Points>
            <Point>
              <X>5225</X>
              <Y>3865</Y>
            </Point>
            <Point>
              <X>5323</X>
              <Y>3726</Y>
            </Point>
          </_Points>
        </Polygon>
        <Polygon>
          <_Color>
            <A>255</A>
            <R>0</R>
            <G>0</G>
            <B>0</B>
            <ScA>1</ScA>
            <ScR>0</ScR>
            <ScG>0</ScG>
            <ScB>0</ScB>
          </_Color>
          <_Points>
            <Point>
              <X>6666</X>
              <Y>2643</Y>
            </Point>
            <Point>
              <X>6671</X>
              <Y>2550</Y>
            </Point>
            <Point>
              <X>6619</X>
              <Y>2482</Y>
            </Point>
            <Point>
              <X>6622</X>
              <Y>2386</Y>
            </Point>
            <Point>
              <X>6675</X>
              <Y>2323</Y>
            </Point>
            <Point>
              <X>6671</X>
              <Y>2204</Y>
            </Point>
            <Point>
              <X>6308</X>
              <Y>2205</Y>
            </Point>
            <Point>
              <X>6229</X>
              <Y>2268</Y>
            </Point>
            <Point>
              <X>6152</X>
              <Y>2265</Y>
            </Point>
            <Point>
              <X>6079</X>
              <Y>2205</Y>
            </Point>
            <Point>
              <X>5563</X>
              <Y>2204</Y>
            </Point>
            <Point>
              <X>5561</X>
              <Y>2950</Y>
            </Point>
            <Point>
              <X>6448</X>
              <Y>2945</Y>
            </Point>
            <Point>
              <X>6458</X>
              <Y>2668</Y>
            </Point>
            <Point>
              <X>6491</X>
              <Y>2650</Y>
            </Point>
            <Point>
              <X>6666</X>
              <Y>2643</Y>
            </Point>
          </_Points>
        </Polygon>
        <Polygon>
          <_Color>
            <A>255</A>
            <R>0</R>
            <G>0</G>
            <B>0</B>
            <ScA>1</ScA>
            <ScR>0</ScR>
            <ScG>0</ScG>
            <ScB>0</ScB>
          </_Color>
          <_Points>
            <Point>
              <X>6645</X>
              <Y>2949</Y>
            </Point>
            <Point>
              <X>6675</X>
              <Y>2949</Y>
            </Point>
            <Point>
              <X>6675</X>
              <Y>2905</Y>
            </Point>
            <Point>
              <X>6664</X>
              <Y>2906</Y>
            </Point>
            <Point>
              <X>6662</X>
              <Y>2934</Y>
            </Point>
            <Point>
              <X>6638</X>
              <Y>2933</Y>
            </Point>
            <Point>
              <X>6639</X>
              <Y>2948</Y>
            </Point>
            <Point>
              <X>6645</X>
              <Y>2949</Y>
            </Point>
          </_Points>
        </Polygon>
        <Polygon>
          <_Color>
            <A>255</A>
            <R>0</R>
            <G>0</G>
            <B>0</B>
            <ScA>1</ScA>
            <ScR>0</ScR>
            <ScG>0</ScG>
            <ScB>0</ScB>
          </_Color>
          <_Points>
            <Point>
              <X>5715</X>
              <Y>1581</Y>
            </Point>
            <Point>
              <X>5556</X>
              <Y>1581</Y>
            </Point>
            <Point>
              <X>5559</X>
              <Y>1691</Y>
            </Point>
          </_Points>
        </Polygon>
        <Polygon>
          <_Color>
            <A>255</A>
            <R>0</R>
            <G>0</G>
            <B>0</B>
            <ScA>1</ScA>
            <ScR>0</ScR>
            <ScG>0</ScG>
            <ScB>0</ScB>
          </_Color>
          <_Points>
            <Point>
              <X>5560</X>
              <Y>1779</Y>
            </Point>
            <Point>
              <X>5560</X>
              <Y>1871</Y>
            </Point>
            <Point>
              <X>5943</X>
              <Y>1867</Y>
            </Point>
            <Point>
              <X>5943</X>
              <Y>1795</Y>
            </Point>
            <Point>
              <X>6129</X>
              <Y>1794</Y>
            </Point>
            <Point>
              <X>6124</X>
              <Y>1813</Y>
            </Point>
            <Point>
              <X>6392</X>
              <Y>1810</Y>
            </Point>
            <Point>
              <X>6388</X>
              <Y>1645</Y>
            </Point>
            <Point>
              <X>6312</X>
              <Y>1647</Y>
            </Point>
            <Point>
              <X>6312</X>
              <Y>1629</Y>
            </Point>
            <Point>
              <X>6438</X>
              <Y>1625</Y>
            </Point>
            <Point>
              <X>6442</X>
              <Y>1808</Y>
            </Point>
          </_Points>
        </Polygon>
        <Polygon>
          <_Color>
            <A>255</A>
            <R>0</R>
            <G>0</G>
            <B>0</B>
            <ScA>1</ScA>
            <ScR>0</ScR>
            <ScG>0</ScG>
            <ScB>0</ScB>
          </_Color>
          <_Points>
            <Point>
              <X>6443</X>
              <Y>1808</Y>
            </Point>
            <Point>
              <X>6449</X>
              <Y>1807</Y>
            </Point>
            <Point>
              <X>6454</X>
              <Y>1828</Y>
            </Point>
            <Point>
              <X>6988</X>
              <Y>1839</Y>
            </Point>
            <Point>
              <X>6989</X>
              <Y>1867</Y>
            </Point>
            <Point>
              <X>5944</X>
              <Y>1867</Y>
            </Point>
          </_Points>
        </Polygon>
        <Polygon>
          <_Color>
            <A>255</A>
            <R>0</R>
            <G>0</G>
            <B>0</B>
            <ScA>1</ScA>
            <ScR>0</ScR>
            <ScG>0</ScG>
            <ScB>0</ScB>
          </_Color>
          <_Points>
            <Point>
              <X>5710</X>
              <Y>1591</Y>
            </Point>
            <Point>
              <X>5701</X>
              <Y>1224</Y>
            </Point>
            <Point>
              <X>4382</X>
              <Y>1236</Y>
            </Point>
            <Point>
              <X>5408</X>
              <Y>1226</Y>
            </Point>
            <Point>
              <X>5413</X>
              <Y>1255</Y>
            </Point>
            <Point>
              <X>5363</X>
              <Y>1331</Y>
            </Point>
            <Point>
              <X>5573</X>
              <Y>1450</Y>
            </Point>
            <Point>
              <X>5628</X>
              <Y>1367</Y>
            </Point>
            <Point>
              <X>5704</X>
              <Y>1361</Y>
            </Point>
          </_Points>
        </Polygon>
        <Polygon>
          <_Color>
            <A>255</A>
            <R>0</R>
            <G>0</G>
            <B>0</B>
            <ScA>1</ScA>
            <ScR>0</ScR>
            <ScG>0</ScG>
            <ScB>0</ScB>
          </_Color>
          <_Points>
            <Point>
              <X>3972</X>
              <Y>906</Y>
            </Point>
            <Point>
              <X>3966</X>
              <Y>1146</Y>
            </Point>
            <Point>
              <X>3724</X>
              <Y>1144</Y>
            </Point>
          </_Points>
        </Polygon>
        <Polygon>
          <_Color>
            <A>255</A>
            <R>0</R>
            <G>0</G>
            <B>0</B>
            <ScA>1</ScA>
            <ScR>0</ScR>
            <ScG>0</ScG>
            <ScB>0</ScB>
          </_Color>
          <_Points>
            <Point>
              <X>6982</X>
              <Y>3248</Y>
            </Point>
            <Point>
              <X>7519</X>
              <Y>3245</Y>
            </Point>
            <Point>
              <X>7515</X>
              <Y>3675</Y>
            </Point>
          </_Points>
        </Polygon>
      </_Polygons>
    </Layer>
    <Layer>
      <_Images />
      <_Polygons />
    </Layer>
    <Layer>
      <_Images />
      <_Polygons />
    </Layer>
    <Layer>
      <_Images />
      <_Polygons />
    </Layer>
    <Layer>
      <_Images>
        <Image>
          <Width>7257.0268986910542</Width>
          <Height>4574.0544133443618</Height>
          <X>636.43365764588373</X>
          <Y>691.0630801066211</Y>
          <Path>cs_italy.png</Path>
        </Image>
      </_Images>
      <_Polygons />
    </Layer>
  </_Layers>
</MapDatabase>