<?xml version="1.0"?>
<MapDatabase>
  <_TStartPos>
    <X>2987.9331412444544</X>
    <Y>3339.9860637054271</Y>
  </_TStartPos>
  <_CStartPos>
    <X>6330.4794535111514</X>
    <Y>5202.0141539936394</Y>
  </_CStartPos>
  <_Layers>
    <Layer>
      <_Images />
      <_Polygons>
        <Polygon>
          <_Color>
            <A>255</A>
            <R>0</R>
            <G>0</G>
            <B>0</B>
            <ScA>1</ScA>
            <ScR>0</ScR>
            <ScG>0</ScG>
            <ScB>0</ScB>
          </_Color>
          <_Points>
            <Point>
              <X>2795</X>
              <Y>2142</Y>
            </Point>
            <Point>
              <X>3029</X>
              <Y>2145</Y>
            </Point>
            <Point>
              <X>3031</X>
              <Y>2093</Y>
            </Point>
            <Point>
              <X>2795</X>
              <Y>2088</Y>
            </Point>
            <Point>
              <X>2795</X>
              <Y>2142</Y>
            </Point>
          </_Points>
        </Polygon>
        <Polygon>
          <_Color>
            <A>255</A>
            <R>0</R>
            <G>0</G>
            <B>0</B>
            <ScA>1</ScA>
            <ScR>0</ScR>
            <ScG>0</ScG>
            <ScB>0</ScB>
          </_Color>
          <_Points>
            <Point>
              <X>3153</X>
              <Y>2092</Y>
            </Point>
            <Point>
              <X>3156</X>
              <Y>2144</Y>
            </Point>
            <Point>
              <X>3682</X>
              <Y>2154</Y>
            </Point>
            <Point>
              <X>3682</X>
              <Y>2179</Y>
            </Point>
            <Point>
              <X>3740</X>
              <Y>2179</Y>
            </Point>
            <Point>
              <X>3736</X>
              <Y>2104</Y>
            </Point>
            <Point>
              <X>3153</X>
              <Y>2092</Y>
            </Point>
          </_Points>
        </Polygon>
        <Polygon>
          <_Color>
            <A>255</A>
            <R>0</R>
            <G>0</G>
            <B>0</B>
            <ScA>1</ScA>
            <ScR>0</ScR>
            <ScG>0</ScG>
            <ScB>0</ScB>
          </_Color>
          <_Points>
            <Point>
              <X>1552</X>
              <Y>1462</Y>
            </Point>
            <Point>
              <X>4002</X>
              <Y>1463</Y>
            </Point>
            <Point>
              <X>4002</X>
              <Y>1378</Y>
            </Point>
            <Point>
              <X>3904</X>
              <Y>993</Y>
            </Point>
            <Point>
              <X>3769</X>
              <Y>987</Y>
            </Point>
            <Point>
              <X>3767</X>
              <Y>960</Y>
            </Point>
            <Point>
              <X>3597</X>
              <Y>962</Y>
            </Point>
            <Point>
              <X>3614</X>
              <Y>993</Y>
            </Point>
            <Point>
              <X>3618</X>
              <Y>1283</Y>
            </Point>
            <Point>
              <X>3353</X>
              <Y>1277</Y>
            </Point>
            <Point>
              <X>3361</X>
              <Y>700</Y>
            </Point>
            <Point>
              <X>5590</X>
              <Y>696</Y>
            </Point>
            <Point>
              <X>5596</X>
              <Y>1198</Y>
            </Point>
            <Point>
              <X>6905</X>
              <Y>1204</Y>
            </Point>
            <Point>
              <X>7044</X>
              <Y>1266</Y>
            </Point>
            <Point>
              <X>7048</X>
              <Y>1401</Y>
            </Point>
            <Point>
              <X>6907</X>
              <Y>1463</Y>
            </Point>
            <Point>
              <X>6488</X>
              <Y>1461</Y>
            </Point>
            <Point>
              <X>6497</X>
              <Y>1490</Y>
            </Point>
            <Point>
              <X>6546</X>
              <Y>1493</Y>
            </Point>
            <Point>
              <X>6548</X>
              <Y>1681</Y>
            </Point>
            <Point>
              <X>6573</X>
              <Y>1685</Y>
            </Point>
            <Point>
              <X>6573</X>
              <Y>5512</Y>
            </Point>
            <Point>
              <X>7048</X>
              <Y>5513</Y>
            </Point>
            <Point>
              <X>7048</X>
              <Y>6121</Y>
            </Point>
            <Point>
              <X>5926</X>
              <Y>6121</Y>
            </Point>
            <Point>
              <X>5922</X>
              <Y>5359</Y>
            </Point>
            <Point>
              <X>5812</X>
              <Y>5356</Y>
            </Point>
            <Point>
              <X>5808</X>
              <Y>5264</Y>
            </Point>
            <Point>
              <X>1551</X>
              <Y>5266</Y>
            </Point>
            <Point>
              <X>1552</X>
              <Y>1462</Y>
            </Point>
          </_Points>
        </Polygon>
        <Polygon>
          <_Color>
            <A>255</A>
            <R>0</R>
            <G>0</G>
            <B>0</B>
            <ScA>1</ScA>
            <ScR>0</ScR>
            <ScG>0</ScG>
            <ScB>0</ScB>
          </_Color>
          <_Points>
            <Point>
              <X>4016</X>
              <Y>993</Y>
            </Point>
            <Point>
              <X>4124</X>
              <Y>993</Y>
            </Point>
            <Point>
              <X>4120</X>
              <Y>964</Y>
            </Point>
            <Point>
              <X>5331</X>
              <Y>964</Y>
            </Point>
            <Point>
              <X>5334</X>
              <Y>1463</Y>
            </Point>
            <Point>
              <X>4140</X>
              <Y>1461</Y>
            </Point>
            <Point>
              <X>4016</X>
              <Y>993</Y>
            </Point>
          </_Points>
        </Polygon>
        <Polygon>
          <_Color>
            <A>255</A>
            <R>0</R>
            <G>0</G>
            <B>0</B>
            <ScA>1</ScA>
            <ScR>0</ScR>
            <ScG>0</ScG>
            <ScB>0</ScB>
          </_Color>
          <_Points>
            <Point>
              <X>5801</X>
              <Y>1461</Y>
            </Point>
            <Point>
              <X>5922</X>
              <Y>1466</Y>
            </Point>
            <Point>
              <X>5923</X>
              <Y>1680</Y>
            </Point>
            <Point>
              <X>6221</X>
              <Y>1680</Y>
            </Point>
            <Point>
              <X>6222</X>
              <Y>1785</Y>
            </Point>
            <Point>
              <X>5932</X>
              <Y>1787</Y>
            </Point>
            <Point>
              <X>5922</X>
              <Y>3207</Y>
            </Point>
            <Point>
              <X>5808</X>
              <Y>3203</Y>
            </Point>
            <Point>
              <X>5801</X>
              <Y>1461</Y>
            </Point>
          </_Points>
        </Polygon>
        <Polygon>
          <_Color>
            <A>255</A>
            <R>0</R>
            <G>0</G>
            <B>0</B>
            <ScA>1</ScA>
            <ScR>0</ScR>
            <ScG>0</ScG>
            <ScB>0</ScB>
          </_Color>
          <_Points>
            <Point>
              <X>4984</X>
              <Y>3145</Y>
            </Point>
            <Point>
              <X>4984</X>
              <Y>3616</Y>
            </Point>
            <Point>
              <X>5208</X>
              <Y>3616</Y>
            </Point>
            <Point>
              <X>5213</X>
              <Y>3149</Y>
            </Point>
            <Point>
              <X>4984</X>
              <Y>3145</Y>
            </Point>
          </_Points>
        </Polygon>
        <Polygon>
          <_Color>
            <A>255</A>
            <R>0</R>
            <G>0</G>
            <B>0</B>
            <ScA>1</ScA>
            <ScR>0</ScR>
            <ScG>0</ScG>
            <ScB>0</ScB>
          </_Color>
          <_Points>
            <Point>
              <X>4628</X>
              <Y>3135</Y>
            </Point>
            <Point>
              <X>4852</X>
              <Y>2855</Y>
            </Point>
            <Point>
              <X>5325</X>
              <Y>2849</Y>
            </Point>
            <Point>
              <X>5557</X>
              <Y>3139</Y>
            </Point>
            <Point>
              <X>5708</X>
              <Y>3143</Y>
            </Point>
            <Point>
              <X>5710</X>
              <Y>3075</Y>
            </Point>
            <Point>
              <X>5607</X>
              <Y>3071</Y>
            </Point>
            <Point>
              <X>5393</X>
              <Y>2795</Y>
            </Point>
            <Point>
              <X>4804</X>
              <Y>2791</Y>
            </Point>
            <Point>
              <X>4561</X>
              <Y>3085</Y>
            </Point>
            <Point>
              <X>4628</X>
              <Y>3135</Y>
            </Point>
          </_Points>
        </Polygon>
        <Polygon>
          <_Color>
            <A>255</A>
            <R>0</R>
            <G>0</G>
            <B>0</B>
            <ScA>1</ScA>
            <ScR>0</ScR>
            <ScG>0</ScG>
            <ScB>0</ScB>
          </_Color>
          <_Points>
            <Point>
              <X>4622</X>
              <Y>2815</Y>
            </Point>
            <Point>
              <X>4572</X>
              <Y>2824</Y>
            </Point>
            <Point>
              <X>4563</X>
              <Y>2125</Y>
            </Point>
            <Point>
              <X>4617</X>
              <Y>2121</Y>
            </Point>
            <Point>
              <X>4622</X>
              <Y>2815</Y>
            </Point>
          </_Points>
        </Polygon>
        <Polygon>
          <_Color>
            <A>255</A>
            <R>0</R>
            <G>0</G>
            <B>0</B>
            <ScA>1</ScA>
            <ScR>0</ScR>
            <ScG>0</ScG>
            <ScB>0</ScB>
          </_Color>
          <_Points>
            <Point>
              <X>5660</X>
              <Y>2179</Y>
            </Point>
            <Point>
              <X>5660</X>
              <Y>2963</Y>
            </Point>
            <Point>
              <X>5714</X>
              <Y>2961</Y>
            </Point>
            <Point>
              <X>5718</X>
              <Y>2183</Y>
            </Point>
            <Point>
              <X>5660</X>
              <Y>2179</Y>
            </Point>
          </_Points>
        </Polygon>
        <Polygon>
          <_Color>
            <A>255</A>
            <R>0</R>
            <G>0</G>
            <B>0</B>
            <ScA>1</ScA>
            <ScR>0</ScR>
            <ScG>0</ScG>
            <ScB>0</ScB>
          </_Color>
          <_Points>
            <Point>
              <X>3686</X>
              <Y>2303</Y>
            </Point>
            <Point>
              <X>3740</X>
              <Y>2303</Y>
            </Point>
            <Point>
              <X>3744</X>
              <Y>2558</Y>
            </Point>
            <Point>
              <X>3691</X>
              <Y>2554</Y>
            </Point>
            <Point>
              <X>3686</X>
              <Y>2303</Y>
            </Point>
          </_Points>
        </Polygon>
        <Polygon>
          <_Color>
            <A>255</A>
            <R>0</R>
            <G>0</G>
            <B>0</B>
            <ScA>1</ScA>
            <ScR>0</ScR>
            <ScG>0</ScG>
            <ScB>0</ScB>
          </_Color>
          <_Points>
            <Point>
              <X>3686</X>
              <Y>2681</Y>
            </Point>
            <Point>
              <X>3740</X>
              <Y>2681</Y>
            </Point>
            <Point>
              <X>3732</X>
              <Y>3270</Y>
            </Point>
            <Point>
              <X>3751</X>
              <Y>3270</Y>
            </Point>
            <Point>
              <X>3751</X>
              <Y>3323</Y>
            </Point>
            <Point>
              <X>3683</X>
              <Y>3321</Y>
            </Point>
            <Point>
              <X>3686</X>
              <Y>2681</Y>
            </Point>
          </_Points>
        </Polygon>
        <Polygon>
          <_Color>
            <A>255</A>
            <R>0</R>
            <G>0</G>
            <B>0</B>
            <ScA>1</ScA>
            <ScR>0</ScR>
            <ScG>0</ScG>
            <ScB>0</ScB>
          </_Color>
          <_Points>
            <Point>
              <X>3683</X>
              <Y>3449</Y>
            </Point>
            <Point>
              <X>3759</X>
              <Y>3448</Y>
            </Point>
            <Point>
              <X>3759</X>
              <Y>3497</Y>
            </Point>
            <Point>
              <X>3737</X>
              <Y>3497</Y>
            </Point>
            <Point>
              <X>3740</X>
              <Y>4149</Y>
            </Point>
            <Point>
              <X>3691</X>
              <Y>4149</Y>
            </Point>
            <Point>
              <X>3683</X>
              <Y>3449</Y>
            </Point>
          </_Points>
        </Polygon>
        <Polygon>
          <_Color>
            <A>255</A>
            <R>0</R>
            <G>0</G>
            <B>0</B>
            <ScA>1</ScA>
            <ScR>0</ScR>
            <ScG>0</ScG>
            <ScB>0</ScB>
          </_Color>
          <_Points>
            <Point>
              <X>3682</X>
              <Y>4281</Y>
            </Point>
            <Point>
              <X>3740</X>
              <Y>4277</Y>
            </Point>
            <Point>
              <X>3736</X>
              <Y>4514</Y>
            </Point>
            <Point>
              <X>3686</X>
              <Y>4512</Y>
            </Point>
            <Point>
              <X>3682</X>
              <Y>4281</Y>
            </Point>
          </_Points>
        </Polygon>
        <Polygon>
          <_Color>
            <A>255</A>
            <R>0</R>
            <G>0</G>
            <B>0</B>
            <ScA>1</ScA>
            <ScR>0</ScR>
            <ScG>0</ScG>
            <ScB>0</ScB>
          </_Color>
          <_Points>
            <Point>
              <X>3682</X>
              <Y>4644</Y>
            </Point>
            <Point>
              <X>3736</X>
              <Y>4644</Y>
            </Point>
            <Point>
              <X>3736</X>
              <Y>4734</Y>
            </Point>
            <Point>
              <X>3234</X>
              <Y>4734</Y>
            </Point>
            <Point>
              <X>3234</X>
              <Y>4686</Y>
            </Point>
            <Point>
              <X>3682</X>
              <Y>4675</Y>
            </Point>
            <Point>
              <X>3682</X>
              <Y>4644</Y>
            </Point>
          </_Points>
        </Polygon>
        <Polygon>
          <_Color>
            <A>255</A>
            <R>0</R>
            <G>0</G>
            <B>0</B>
            <ScA>1</ScA>
            <ScR>0</ScR>
            <ScG>0</ScG>
            <ScB>0</ScB>
          </_Color>
          <_Points>
            <Point>
              <X>3120</X>
              <Y>4686</Y>
            </Point>
            <Point>
              <X>3118</X>
              <Y>4742</Y>
            </Point>
            <Point>
              <X>2558</X>
              <Y>4738</Y>
            </Point>
            <Point>
              <X>2554</X>
              <Y>4292</Y>
            </Point>
            <Point>
              <X>2623</X>
              <Y>4292</Y>
            </Point>
            <Point>
              <X>2618</X>
              <Y>4675</Y>
            </Point>
            <Point>
              <X>3117</X>
              <Y>4682</Y>
            </Point>
          </_Points>
        </Polygon>
        <Polygon>
          <_Color>
            <A>255</A>
            <R>0</R>
            <G>0</G>
            <B>0</B>
            <ScA>1</ScA>
            <ScR>0</ScR>
            <ScG>0</ScG>
            <ScB>0</ScB>
          </_Color>
          <_Points>
            <Point>
              <X>2349</X>
              <Y>3568</Y>
            </Point>
            <Point>
              <X>2285</X>
              <Y>3562</Y>
            </Point>
            <Point>
              <X>2239</X>
              <Y>3720</Y>
            </Point>
            <Point>
              <X>2239</X>
              <Y>3759</Y>
            </Point>
            <Point>
              <X>2297</X>
              <Y>3827</Y>
            </Point>
            <Point>
              <X>2417</X>
              <Y>3765</Y>
            </Point>
            <Point>
              <X>2554</X>
              <Y>3769</Y>
            </Point>
            <Point>
              <X>2558</X>
              <Y>4172</Y>
            </Point>
            <Point>
              <X>2623</X>
              <Y>4174</Y>
            </Point>
            <Point>
              <X>2618</X>
              <Y>3740</Y>
            </Point>
            <Point>
              <X>2616</X>
              <Y>3561</Y>
            </Point>
            <Point>
              <X>2558</X>
              <Y>3561</Y>
            </Point>
            <Point>
              <X>2554</X>
              <Y>3724</Y>
            </Point>
            <Point>
              <X>2349</X>
              <Y>3736</Y>
            </Point>
            <Point>
              <X>2349</X>
              <Y>3568</Y>
            </Point>
          </_Points>
        </Polygon>
        <Polygon>
          <_Color>
            <A>255</A>
            <R>0</R>
            <G>0</G>
            <B>0</B>
            <ScA>1</ScA>
            <ScR>0</ScR>
            <ScG>0</ScG>
            <ScB>0</ScB>
          </_Color>
          <_Points>
            <Point>
              <X>2293</X>
              <Y>3214</Y>
            </Point>
            <Point>
              <X>2352</X>
              <Y>3214</Y>
            </Point>
            <Point>
              <X>2353</X>
              <Y>3238</Y>
            </Point>
            <Point>
              <X>2407</X>
              <Y>3238</Y>
            </Point>
            <Point>
              <X>2410</X>
              <Y>3423</Y>
            </Point>
            <Point>
              <X>2352</X>
              <Y>3421</Y>
            </Point>
            <Point>
              <X>2350</X>
              <Y>3442</Y>
            </Point>
            <Point>
              <X>2292</X>
              <Y>3441</Y>
            </Point>
            <Point>
              <X>2293</X>
              <Y>3214</Y>
            </Point>
          </_Points>
        </Polygon>
        <Polygon>
          <_Color>
            <A>255</A>
            <R>0</R>
            <G>0</G>
            <B>0</B>
            <ScA>1</ScA>
            <ScR>0</ScR>
            <ScG>0</ScG>
            <ScB>0</ScB>
          </_Color>
          <_Points>
            <Point>
              <X>2349</X>
              <Y>3085</Y>
            </Point>
            <Point>
              <X>2289</X>
              <Y>3086</Y>
            </Point>
            <Point>
              <X>2235</X>
              <Y>2927</Y>
            </Point>
            <Point>
              <X>2231</X>
              <Y>2907</Y>
            </Point>
            <Point>
              <X>2289</X>
              <Y>2824</Y>
            </Point>
            <Point>
              <X>2407</X>
              <Y>2884</Y>
            </Point>
            <Point>
              <X>2548</X>
              <Y>2878</Y>
            </Point>
            <Point>
              <X>2553</X>
              <Y>2091</Y>
            </Point>
            <Point>
              <X>2795</X>
              <Y>2088</Y>
            </Point>
            <Point>
              <X>2801</X>
              <Y>2880</Y>
            </Point>
            <Point>
              <X>2977</X>
              <Y>2888</Y>
            </Point>
            <Point>
              <X>2977</X>
              <Y>2917</Y>
            </Point>
            <Point>
              <X>2629</X>
              <Y>2919</Y>
            </Point>
            <Point>
              <X>2623</X>
              <Y>3448</Y>
            </Point>
            <Point>
              <X>2558</X>
              <Y>3460</Y>
            </Point>
            <Point>
              <X>2554</X>
              <Y>3039</Y>
            </Point>
            <Point>
              <X>2349</X>
              <Y>3035</Y>
            </Point>
            <Point>
              <X>2349</X>
              <Y>3085</Y>
            </Point>
          </_Points>
        </Polygon>
        <Polygon>
          <_Color>
            <A>255</A>
            <R>0</R>
            <G>0</G>
            <B>0</B>
            <ScA>1</ScA>
            <ScR>0</ScR>
            <ScG>0</ScG>
            <ScB>0</ScB>
          </_Color>
          <_Points>
            <Point>
              <X>3234</X>
              <Y>2473</Y>
            </Point>
            <Point>
              <X>2975</X>
              <Y>2471</Y>
            </Point>
            <Point>
              <X>2973</X>
              <Y>2448</Y>
            </Point>
            <Point>
              <X>3288</X>
              <Y>2446</Y>
            </Point>
            <Point>
              <X>3292</X>
              <Y>2475</Y>
            </Point>
            <Point>
              <X>3276</X>
              <Y>2475</Y>
            </Point>
            <Point>
              <X>3265</X>
              <Y>4265</Y>
            </Point>
            <Point>
              <X>3236</X>
              <Y>4265</Y>
            </Point>
            <Point>
              <X>3232</X>
              <Y>2919</Y>
            </Point>
            <Point>
              <X>3151</X>
              <Y>2917</Y>
            </Point>
            <Point>
              <X>3151</X>
              <Y>2888</Y>
            </Point>
            <Point>
              <X>3232</X>
              <Y>2886</Y>
            </Point>
            <Point>
              <X>3234</X>
              <Y>2473</Y>
            </Point>
          </_Points>
        </Polygon>
        <Polygon>
          <_Color>
            <A>255</A>
            <R>0</R>
            <G>0</G>
            <B>0</B>
            <ScA>1</ScA>
            <ScR>0</ScR>
            <ScG>0</ScG>
            <ScB>0</ScB>
          </_Color>
          <_Points>
            <Point>
              <X>2799</X>
              <Y>3917</Y>
            </Point>
            <Point>
              <X>2971</X>
              <Y>3917</Y>
            </Point>
            <Point>
              <X>2973</X>
              <Y>3742</Y>
            </Point>
            <Point>
              <X>3004</X>
              <Y>3742</Y>
            </Point>
            <Point>
              <X>3004</X>
              <Y>4476</Y>
            </Point>
            <Point>
              <X>3438</X>
              <Y>4478</Y>
            </Point>
            <Point>
              <X>3440</X>
              <Y>4385</Y>
            </Point>
            <Point>
              <X>3469</X>
              <Y>4381</Y>
            </Point>
            <Point>
              <X>3467</X>
              <Y>4501</Y>
            </Point>
            <Point>
              <X>2977</X>
              <Y>4497</Y>
            </Point>
            <Point>
              <X>2969</X>
              <Y>3960</Y>
            </Point>
            <Point>
              <X>2797</X>
              <Y>3962</Y>
            </Point>
            <Point>
              <X>2799</X>
              <Y>3917</Y>
            </Point>
          </_Points>
        </Polygon>
        <Polygon>
          <_Color>
            <A>255</A>
            <R>0</R>
            <G>0</G>
            <B>0</B>
            <ScA>1</ScA>
            <ScR>0</ScR>
            <ScG>0</ScG>
            <ScB>0</ScB>
          </_Color>
          <_Points>
            <Point>
              <X>3442</X>
              <Y>4267</Y>
            </Point>
            <Point>
              <X>3464</X>
              <Y>4267</Y>
            </Point>
            <Point>
              <X>3471</X>
              <Y>3858</Y>
            </Point>
            <Point>
              <X>3440</X>
              <Y>3858</Y>
            </Point>
            <Point>
              <X>3442</X>
              <Y>4267</Y>
            </Point>
          </_Points>
        </Polygon>
        <Polygon>
          <_Color>
            <A>255</A>
            <R>0</R>
            <G>0</G>
            <B>0</B>
            <ScA>1</ScA>
            <ScR>0</ScR>
            <ScG>0</ScG>
            <ScB>0</ScB>
          </_Color>
          <_Points>
            <Point>
              <X>3435</X>
              <Y>2475</Y>
            </Point>
            <Point>
              <X>3413</X>
              <Y>2473</Y>
            </Point>
            <Point>
              <X>3413</X>
              <Y>2446</Y>
            </Point>
            <Point>
              <X>3442</X>
              <Y>2446</Y>
            </Point>
            <Point>
              <X>3440</X>
              <Y>2355</Y>
            </Point>
            <Point>
              <X>3467</X>
              <Y>2355</Y>
            </Point>
            <Point>
              <X>3467</X>
              <Y>2907</Y>
            </Point>
            <Point>
              <X>3448</X>
              <Y>2909</Y>
            </Point>
            <Point>
              <X>3435</X>
              <Y>2475</Y>
            </Point>
          </_Points>
        </Polygon>
        <Polygon>
          <_Color>
            <A>255</A>
            <R>0</R>
            <G>0</G>
            <B>0</B>
            <ScA>1</ScA>
            <ScR>0</ScR>
            <ScG>0</ScG>
            <ScB>0</ScB>
          </_Color>
          <_Points>
            <Point>
              <X>5922</X>
              <Y>1466</Y>
            </Point>
            <Point>
              <X>6260</X>
              <Y>1459</Y>
            </Point>
            <Point>
              <X>6264</X>
              <Y>1492</Y>
            </Point>
            <Point>
              <X>6218</X>
              <Y>1491</Y>
            </Point>
            <Point>
              <X>6221</X>
              <Y>1678</Y>
            </Point>
          </_Points>
        </Polygon>
        <Polygon>
          <_Color>
            <A>255</A>
            <R>0</R>
            <G>0</G>
            <B>0</B>
            <ScA>1</ScA>
            <ScR>0</ScR>
            <ScG>0</ScG>
            <ScB>0</ScB>
          </_Color>
          <_Points>
            <Point>
              <X>5696</X>
              <Y>5260</Y>
            </Point>
            <Point>
              <X>5810</X>
              <Y>4980</Y>
            </Point>
            <Point>
              <X>5804</X>
              <Y>3564</Y>
            </Point>
            <Point>
              <X>5928</X>
              <Y>3562</Y>
            </Point>
            <Point>
              <X>5922</X>
              <Y>5358</Y>
            </Point>
          </_Points>
        </Polygon>
        <Polygon>
          <_Color>
            <A>255</A>
            <R>0</R>
            <G>0</G>
            <B>0</B>
            <ScA>1</ScA>
            <ScR>0</ScR>
            <ScG>0</ScG>
            <ScB>0</ScB>
          </_Color>
          <_Points>
            <Point>
              <X>5660</X>
              <Y>3798</Y>
            </Point>
            <Point>
              <X>5663</X>
              <Y>4595</Y>
            </Point>
            <Point>
              <X>5718</X>
              <Y>4595</Y>
            </Point>
            <Point>
              <X>5718</X>
              <Y>3794</Y>
            </Point>
            <Point>
              <X>5660</X>
              <Y>3798</Y>
            </Point>
          </_Points>
        </Polygon>
        <Polygon>
          <_Color>
            <A>255</A>
            <R>0</R>
            <G>0</G>
            <B>0</B>
            <ScA>1</ScA>
            <ScR>0</ScR>
            <ScG>0</ScG>
            <ScB>0</ScB>
          </_Color>
          <_Points>
            <Point>
              <X>5161</X>
              <Y>4675</Y>
            </Point>
            <Point>
              <X>5385</X>
              <Y>4452</Y>
            </Point>
            <Point>
              <X>5300</X>
              <Y>4360</Y>
            </Point>
            <Point>
              <X>5074</X>
              <Y>4582</Y>
            </Point>
            <Point>
              <X>5161</X>
              <Y>4675</Y>
            </Point>
          </_Points>
        </Polygon>
        <Polygon>
          <_Color>
            <A>255</A>
            <R>0</R>
            <G>0</G>
            <B>0</B>
            <ScA>1</ScA>
            <ScR>0</ScR>
            <ScG>0</ScG>
            <ScB>0</ScB>
          </_Color>
          <_Points>
            <Point>
              <X>4626</X>
              <Y>3624</Y>
            </Point>
            <Point>
              <X>4862</X>
              <Y>3912</Y>
            </Point>
            <Point>
              <X>5331</X>
              <Y>3912</Y>
            </Point>
            <Point>
              <X>5565</X>
              <Y>3620</Y>
            </Point>
            <Point>
              <X>5718</X>
              <Y>3614</Y>
            </Point>
            <Point>
              <X>5714</X>
              <Y>3672</Y>
            </Point>
            <Point>
              <X>5631</X>
              <Y>3672</Y>
            </Point>
            <Point>
              <X>5391</X>
              <Y>3975</Y>
            </Point>
            <Point>
              <X>4798</X>
              <Y>3973</Y>
            </Point>
            <Point>
              <X>4563</X>
              <Y>3684</Y>
            </Point>
            <Point>
              <X>4626</X>
              <Y>3624</Y>
            </Point>
          </_Points>
        </Polygon>
        <Polygon>
          <_Color>
            <A>255</A>
            <R>0</R>
            <G>0</G>
            <B>0</B>
            <ScA>1</ScA>
            <ScR>0</ScR>
            <ScG>0</ScG>
            <ScB>0</ScB>
          </_Color>
          <_Points>
            <Point>
              <X>4568</X>
              <Y>3943</Y>
            </Point>
            <Point>
              <X>4568</X>
              <Y>4640</Y>
            </Point>
            <Point>
              <X>4619</X>
              <Y>4640</Y>
            </Point>
            <Point>
              <X>4626</X>
              <Y>3948</Y>
            </Point>
            <Point>
              <X>4568</X>
              <Y>3943</Y>
            </Point>
          </_Points>
        </Polygon>
      </_Polygons>
    </Layer>
    <Layer>
      <_Images />
      <_Polygons />
    </Layer>
    <Layer>
      <_Images />
      <_Polygons />
    </Layer>
    <Layer>
      <_Images />
      <_Polygons />
    </Layer>
    <Layer>
      <_Images>
        <Image>
          <Width>7257.0268986910532</Width>
          <Height>5442.77017401829</Height>
          <X>636.43365764588373</X>
          <Y>691.0630801066211</Y>
          <Path>cs_estate.jpg</Path>
        </Image>
      </_Images>
      <_Polygons />
    </Layer>
  </_Layers>
</MapDatabase>