<?xml version="1.0"?>
<MapDatabase xmlns:xsi="http://www.w3.org/2001/XMLSchema-instance" xmlns:xsd="http://www.w3.org/2001/XMLSchema">
  <_TStartPos>
    <X>5405.132246302112</X>
    <Y>5958.6489450310564</Y>
  </_TStartPos>
  <_CStartPos>
    <X>9908.6728915502681</X>
    <Y>8075.318419193718</Y>
  </_CStartPos>
  <_Layers>
    <Layer>
      <_Images />
      <_Polygons>
        <Polygon>
          <_Color>
            <A>255</A>
            <R>0</R>
            <G>0</G>
            <B>0</B>
            <ScA>1</ScA>
            <ScR>0</ScR>
            <ScG>0</ScG>
            <ScB>0</ScB>
          </_Color>
          <_Points>
            <Point>
              <X>10896</X>
              <Y>8392</Y>
            </Point>
            <Point>
              <X>10908</X>
              <Y>9046</Y>
            </Point>
            <Point>
              <X>9402</X>
              <Y>9063</Y>
            </Point>
            <Point>
              <X>9406</X>
              <Y>7669</Y>
            </Point>
            <Point>
              <X>9244</X>
              <Y>7669</Y>
            </Point>
            <Point>
              <X>9232</X>
              <Y>8231</Y>
            </Point>
            <Point>
              <X>3533</X>
              <Y>8219</Y>
            </Point>
            <Point>
              <X>3529</X>
              <Y>3986</Y>
            </Point>
            <Point>
              <X>6793</X>
              <Y>3986</Y>
            </Point>
            <Point>
              <X>6833</X>
              <Y>3856</Y>
            </Point>
            <Point>
              <X>6676</X>
              <Y>3121</Y>
            </Point>
            <Point>
              <X>6280</X>
              <Y>3133</Y>
            </Point>
            <Point>
              <X>6280</X>
              <Y>3477</Y>
            </Point>
            <Point>
              <X>5961</X>
              <Y>3469</Y>
            </Point>
            <Point>
              <X>5965</X>
              <Y>2814</Y>
            </Point>
            <Point>
              <X>8970</X>
              <Y>2819</Y>
            </Point>
            <Point>
              <X>8966</X>
              <Y>3368</Y>
            </Point>
            <Point>
              <X>10702</X>
              <Y>3380</Y>
            </Point>
            <Point>
              <X>10908</X>
              <Y>3473</Y>
            </Point>
            <Point>
              <X>10908</X>
              <Y>3574</Y>
            </Point>
            <Point>
              <X>10710</X>
              <Y>3687</Y>
            </Point>
            <Point>
              <X>10153</X>
              <Y>3683</Y>
            </Point>
            <Point>
              <X>10161</X>
              <Y>3889</Y>
            </Point>
            <Point>
              <X>10161</X>
              <Y>3909</Y>
            </Point>
            <Point>
              <X>10222</X>
              <Y>3905</Y>
            </Point>
            <Point>
              <X>10222</X>
              <Y>4103</Y>
            </Point>
            <Point>
              <X>10274</X>
              <Y>4103</Y>
            </Point>
            <Point>
              <X>10278</X>
              <Y>8384</Y>
            </Point>
            <Point>
              <X>10896</X>
              <Y>8392</Y>
            </Point>
            <Point>
              <X>11062</X>
              <Y>8384</Y>
            </Point>
            <Point>
              <X>11054</X>
              <Y>8227</Y>
            </Point>
            <Point>
              <X>10432</X>
              <Y>8219</Y>
            </Point>
            <Point>
              <X>10432</X>
              <Y>3861</Y>
            </Point>
            <Point>
              <X>10226</X>
              <Y>3861</Y>
            </Point>
            <Point>
              <X>10222</X>
              <Y>3905</Y>
            </Point>
          </_Points>
        </Polygon>
        <Polygon>
          <_Color>
            <A>255</A>
            <R>0</R>
            <G>0</G>
            <B>0</B>
            <ScA>1</ScA>
            <ScR>0</ScR>
            <ScG>0</ScG>
            <ScB>0</ScB>
          </_Color>
          <_Points>
            <Point>
              <X>9765</X>
              <Y>3913</Y>
            </Point>
            <Point>
              <X>9850</X>
              <Y>3905</Y>
            </Point>
            <Point>
              <X>9846</X>
              <Y>3691</Y>
            </Point>
            <Point>
              <X>8610</X>
              <Y>3679</Y>
            </Point>
            <Point>
              <X>8618</X>
              <Y>3133</Y>
            </Point>
            <Point>
              <X>7023</X>
              <Y>3133</Y>
            </Point>
            <Point>
              <X>7031</X>
              <Y>3852</Y>
            </Point>
            <Point>
              <X>7104</X>
              <Y>3990</Y>
            </Point>
            <Point>
              <X>9236</X>
              <Y>3994</Y>
            </Point>
            <Point>
              <X>9240</X>
              <Y>5799</Y>
            </Point>
            <Point>
              <X>9406</X>
              <Y>5819</Y>
            </Point>
            <Point>
              <X>9402</X>
              <Y>4107</Y>
            </Point>
            <Point>
              <X>9769</X>
              <Y>4103</Y>
            </Point>
            <Point>
              <X>9765</X>
              <Y>3913</Y>
            </Point>
          </_Points>
        </Polygon>
        <Polygon>
          <_Color>
            <A>255</A>
            <R>0</R>
            <G>0</G>
            <B>0</B>
            <ScA>1</ScA>
            <ScR>0</ScR>
            <ScG>0</ScG>
            <ScB>0</ScB>
          </_Color>
          <_Points>
            <Point>
              <X>9240</X>
              <Y>6207</Y>
            </Point>
            <Point>
              <X>9402</X>
              <Y>6207</Y>
            </Point>
            <Point>
              <X>9398</X>
              <Y>7273</Y>
            </Point>
            <Point>
              <X>9244</X>
              <Y>7269</Y>
            </Point>
            <Point>
              <X>9240</X>
              <Y>6207</Y>
            </Point>
          </_Points>
        </Polygon>
        <Polygon>
          <_Color>
            <A>255</A>
            <R>0</R>
            <G>0</G>
            <B>0</B>
            <ScA>1</ScA>
            <ScR>0</ScR>
            <ScG>0</ScG>
            <ScB>0</ScB>
          </_Color>
          <_Points>
            <Point>
              <X>9123</X>
              <Y>6353</Y>
            </Point>
            <Point>
              <X>9131</X>
              <Y>6288</Y>
            </Point>
            <Point>
              <X>8925</X>
              <Y>6280</Y>
            </Point>
            <Point>
              <X>8630</X>
              <Y>6599</Y>
            </Point>
            <Point>
              <X>7964</X>
              <Y>6595</Y>
            </Point>
            <Point>
              <X>7665</X>
              <Y>6284</Y>
            </Point>
            <Point>
              <X>7593</X>
              <Y>6336</Y>
            </Point>
            <Point>
              <X>7899</X>
              <Y>6672</Y>
            </Point>
            <Point>
              <X>8687</X>
              <Y>6676</Y>
            </Point>
            <Point>
              <X>8994</X>
              <Y>6353</Y>
            </Point>
            <Point>
              <X>9123</X>
              <Y>6353</Y>
            </Point>
          </_Points>
        </Polygon>
        <Polygon>
          <_Color>
            <A>255</A>
            <R>0</R>
            <G>0</G>
            <B>0</B>
            <ScA>1</ScA>
            <ScR>0</ScR>
            <ScG>0</ScG>
            <ScB>0</ScB>
          </_Color>
          <_Points>
            <Point>
              <X>9127</X>
              <Y>6490</Y>
            </Point>
            <Point>
              <X>9014</X>
              <Y>6486</Y>
            </Point>
            <Point>
              <X>9018</X>
              <Y>7378</Y>
            </Point>
            <Point>
              <X>9119</X>
              <Y>7383</Y>
            </Point>
            <Point>
              <X>9127</X>
              <Y>6490</Y>
            </Point>
          </_Points>
        </Polygon>
        <Polygon>
          <_Color>
            <A>255</A>
            <R>0</R>
            <G>0</G>
            <B>0</B>
            <ScA>1</ScA>
            <ScR>0</ScR>
            <ScG>0</ScG>
            <ScB>0</ScB>
          </_Color>
          <_Points>
            <Point>
              <X>8679</X>
              <Y>7192</Y>
            </Point>
            <Point>
              <X>8566</X>
              <Y>7096</Y>
            </Point>
            <Point>
              <X>8243</X>
              <Y>7370</Y>
            </Point>
            <Point>
              <X>8356</X>
              <Y>7463</Y>
            </Point>
            <Point>
              <X>8679</X>
              <Y>7192</Y>
            </Point>
          </_Points>
        </Polygon>
        <Polygon>
          <_Color>
            <A>255</A>
            <R>0</R>
            <G>0</G>
            <B>0</B>
            <ScA>1</ScA>
            <ScR>0</ScR>
            <ScG>0</ScG>
            <ScB>0</ScB>
          </_Color>
          <_Points>
            <Point>
              <X>7657</X>
              <Y>6663</Y>
            </Point>
            <Point>
              <X>7580</X>
              <Y>6667</Y>
            </Point>
            <Point>
              <X>7588</X>
              <Y>7427</Y>
            </Point>
            <Point>
              <X>7665</X>
              <Y>7427</Y>
            </Point>
            <Point>
              <X>7657</X>
              <Y>6663</Y>
            </Point>
          </_Points>
        </Polygon>
        <Polygon>
          <_Color>
            <A>255</A>
            <R>0</R>
            <G>0</G>
            <B>0</B>
            <ScA>1</ScA>
            <ScR>0</ScR>
            <ScG>0</ScG>
            <ScB>0</ScB>
          </_Color>
          <_Points>
            <Point>
              <X>9236</X>
              <Y>8376</Y>
            </Point>
            <Point>
              <X>9236</X>
              <Y>9200</Y>
            </Point>
            <Point>
              <X>11058</X>
              <Y>9204</Y>
            </Point>
            <Point>
              <X>11058</X>
              <Y>9063</Y>
            </Point>
            <Point>
              <X>10908</X>
              <Y>9046</Y>
            </Point>
          </_Points>
        </Polygon>
        <Polygon>
          <_Color>
            <A>255</A>
            <R>0</R>
            <G>0</G>
            <B>0</B>
            <ScA>1</ScA>
            <ScR>0</ScR>
            <ScG>0</ScG>
            <ScB>0</ScB>
          </_Color>
          <_Points>
            <Point>
              <X>9236</X>
              <Y>8376</Y>
            </Point>
            <Point>
              <X>3384</X>
              <Y>8376</Y>
            </Point>
            <Point>
              <X>3392</X>
              <Y>3868</Y>
            </Point>
            <Point>
              <X>6833</X>
              <Y>3856</Y>
            </Point>
          </_Points>
        </Polygon>
        <Polygon>
          <_Color>
            <A>255</A>
            <R>0</R>
            <G>0</G>
            <B>0</B>
            <ScA>1</ScA>
            <ScR>0</ScR>
            <ScG>0</ScG>
            <ScB>0</ScB>
          </_Color>
          <_Points>
            <Point>
              <X>7031</X>
              <Y>3852</Y>
            </Point>
            <Point>
              <X>9761</X>
              <Y>3856</Y>
            </Point>
            <Point>
              <X>9765</X>
              <Y>3913</Y>
            </Point>
          </_Points>
        </Polygon>
        <Polygon>
          <_Color>
            <A>255</A>
            <R>0</R>
            <G>0</G>
            <B>0</B>
            <ScA>1</ScA>
            <ScR>0</ScR>
            <ScG>0</ScG>
            <ScB>0</ScB>
          </_Color>
          <_Points>
            <Point>
              <X>9018</X>
              <Y>4680</Y>
            </Point>
            <Point>
              <X>9147</X>
              <Y>4680</Y>
            </Point>
            <Point>
              <X>9135</X>
              <Y>5549</Y>
            </Point>
            <Point>
              <X>9026</X>
              <Y>5549</Y>
            </Point>
            <Point>
              <X>9018</X>
              <Y>4680</Y>
            </Point>
          </_Points>
        </Polygon>
        <Polygon>
          <_Color>
            <A>255</A>
            <R>0</R>
            <G>0</G>
            <B>0</B>
            <ScA>1</ScA>
            <ScR>0</ScR>
            <ScG>0</ScG>
            <ScB>0</ScB>
          </_Color>
          <_Points>
            <Point>
              <X>7645</X>
              <Y>4636</Y>
            </Point>
            <Point>
              <X>7572</X>
              <Y>4640</Y>
            </Point>
            <Point>
              <X>7568</X>
              <Y>5399</Y>
            </Point>
            <Point>
              <X>7649</X>
              <Y>5395</Y>
            </Point>
            <Point>
              <X>7645</X>
              <Y>4636</Y>
            </Point>
          </_Points>
        </Polygon>
        <Polygon>
          <_Color>
            <A>255</A>
            <R>0</R>
            <G>0</G>
            <B>0</B>
            <ScA>1</ScA>
            <ScR>0</ScR>
            <ScG>0</ScG>
            <ScB>0</ScB>
          </_Color>
          <_Points>
            <Point>
              <X>7903</X>
              <Y>5367</Y>
            </Point>
            <Point>
              <X>7593</X>
              <Y>5702</Y>
            </Point>
            <Point>
              <X>7657</X>
              <Y>5755</Y>
            </Point>
            <Point>
              <X>7972</X>
              <Y>5436</Y>
            </Point>
            <Point>
              <X>8635</X>
              <Y>5444</Y>
            </Point>
            <Point>
              <X>8937</X>
              <Y>5751</Y>
            </Point>
            <Point>
              <X>9131</X>
              <Y>5751</Y>
            </Point>
            <Point>
              <X>9131</X>
              <Y>5686</Y>
            </Point>
            <Point>
              <X>8986</X>
              <Y>5686</Y>
            </Point>
            <Point>
              <X>8691</X>
              <Y>5367</Y>
            </Point>
            <Point>
              <X>7903</X>
              <Y>5367</Y>
            </Point>
          </_Points>
        </Polygon>
        <Polygon>
          <_Color>
            <A>255</A>
            <R>0</R>
            <G>0</G>
            <B>0</B>
            <ScA>1</ScA>
            <ScR>0</ScR>
            <ScG>0</ScG>
            <ScB>0</ScB>
          </_Color>
          <_Points>
            <Point>
              <X>8202</X>
              <Y>5775</Y>
            </Point>
            <Point>
              <X>8505</X>
              <Y>5775</Y>
            </Point>
            <Point>
              <X>8509</X>
              <Y>6292</Y>
            </Point>
            <Point>
              <X>8219</X>
              <Y>6296</Y>
            </Point>
            <Point>
              <X>8202</X>
              <Y>5775</Y>
            </Point>
          </_Points>
        </Polygon>
        <Polygon>
          <_Color>
            <A>255</A>
            <R>0</R>
            <G>0</G>
            <B>0</B>
            <ScA>1</ScA>
            <ScR>0</ScR>
            <ScG>0</ScG>
            <ScB>0</ScB>
          </_Color>
          <_Points>
            <Point>
              <X>9244</X>
              <Y>7269</Y>
            </Point>
            <Point>
              <X>9240</X>
              <Y>6207</Y>
            </Point>
            <Point>
              <X>9402</X>
              <Y>6207</Y>
            </Point>
            <Point>
              <X>9398</X>
              <Y>7273</Y>
            </Point>
            <Point>
              <X>9244</X>
              <Y>7269</Y>
            </Point>
          </_Points>
        </Polygon>
        <Polygon>
          <_Color>
            <A>255</A>
            <R>0</R>
            <G>0</G>
            <B>0</B>
            <ScA>1</ScA>
            <ScR>0</ScR>
            <ScG>0</ScG>
            <ScB>0</ScB>
          </_Color>
          <_Points>
            <Point>
              <X>9382</X>
              <Y>7697</Y>
            </Point>
            <Point>
              <X>9406</X>
              <Y>7669</Y>
            </Point>
            <Point>
              <X>9402</X>
              <Y>9063</Y>
            </Point>
            <Point>
              <X>11058</X>
              <Y>9063</Y>
            </Point>
            <Point>
              <X>11058</X>
              <Y>9204</Y>
            </Point>
            <Point>
              <X>9236</X>
              <Y>9200</Y>
            </Point>
            <Point>
              <X>9236</X>
              <Y>8376</Y>
            </Point>
            <Point>
              <X>3384</X>
              <Y>8376</Y>
            </Point>
            <Point>
              <X>3392</X>
              <Y>3868</Y>
            </Point>
            <Point>
              <X>6833</X>
              <Y>3856</Y>
            </Point>
            <Point>
              <X>6793</X>
              <Y>3986</Y>
            </Point>
            <Point>
              <X>3529</X>
              <Y>3986</Y>
            </Point>
            <Point>
              <X>3533</X>
              <Y>8219</Y>
            </Point>
            <Point>
              <X>9232</X>
              <Y>8231</Y>
            </Point>
            <Point>
              <X>9244</X>
              <Y>7669</Y>
            </Point>
            <Point>
              <X>9406</X>
              <Y>7669</Y>
            </Point>
          </_Points>
        </Polygon>
        <Polygon>
          <_Color>
            <A>255</A>
            <R>0</R>
            <G>0</G>
            <B>0</B>
            <ScA>1</ScA>
            <ScR>0</ScR>
            <ScG>0</ScG>
            <ScB>0</ScB>
          </_Color>
          <_Points>
            <Point>
              <X>9406</X>
              <Y>5819</Y>
            </Point>
            <Point>
              <X>9240</X>
              <Y>5799</Y>
            </Point>
            <Point>
              <X>9236</X>
              <Y>3994</Y>
            </Point>
            <Point>
              <X>7104</X>
              <Y>3990</Y>
            </Point>
            <Point>
              <X>7031</X>
              <Y>3852</Y>
            </Point>
            <Point>
              <X>9761</X>
              <Y>3856</Y>
            </Point>
            <Point>
              <X>9769</X>
              <Y>4103</Y>
            </Point>
            <Point>
              <X>9402</X>
              <Y>4107</Y>
            </Point>
            <Point>
              <X>9406</X>
              <Y>5819</Y>
            </Point>
          </_Points>
        </Polygon>
        <Polygon>
          <_Color>
            <A>255</A>
            <R>0</R>
            <G>0</G>
            <B>0</B>
            <ScA>1</ScA>
            <ScR>0</ScR>
            <ScG>0</ScG>
            <ScB>0</ScB>
          </_Color>
          <_Points>
            <Point>
              <X>10274</X>
              <Y>7318</Y>
            </Point>
            <Point>
              <X>10278</X>
              <Y>8384</Y>
            </Point>
            <Point>
              <X>11062</X>
              <Y>8384</Y>
            </Point>
            <Point>
              <X>10432</X>
              <Y>8219</Y>
            </Point>
            <Point>
              <X>10274</X>
              <Y>6450</Y>
            </Point>
            <Point>
              <X>10278</X>
              <Y>7742</Y>
            </Point>
          </_Points>
        </Polygon>
        <Polygon>
          <_Color>
            <A>255</A>
            <R>0</R>
            <G>0</G>
            <B>0</B>
            <ScA>1</ScA>
            <ScR>0</ScR>
            <ScG>0</ScG>
            <ScB>0</ScB>
          </_Color>
          <_Points>
            <Point>
              <X>10278</X>
              <Y>5165</Y>
            </Point>
            <Point>
              <X>10274</X>
              <Y>4103</Y>
            </Point>
            <Point>
              <X>10222</X>
              <Y>4103</Y>
            </Point>
            <Point>
              <X>10222</X>
              <Y>3905</Y>
            </Point>
            <Point>
              <X>10161</X>
              <Y>3889</Y>
            </Point>
            <Point>
              <X>10153</X>
              <Y>3683</Y>
            </Point>
            <Point>
              <X>10710</X>
              <Y>3687</Y>
            </Point>
            <Point>
              <X>10908</X>
              <Y>3574</Y>
            </Point>
            <Point>
              <X>10908</X>
              <Y>3473</Y>
            </Point>
            <Point>
              <X>10702</X>
              <Y>3380</Y>
            </Point>
            <Point>
              <X>8966</X>
              <Y>3368</Y>
            </Point>
            <Point>
              <X>8970</X>
              <Y>2819</Y>
            </Point>
            <Point>
              <X>5965</X>
              <Y>2814</Y>
            </Point>
            <Point>
              <X>5961</X>
              <Y>3469</Y>
            </Point>
            <Point>
              <X>6276</X>
              <Y>3457</Y>
            </Point>
            <Point>
              <X>6280</X>
              <Y>3133</Y>
            </Point>
            <Point>
              <X>6676</X>
              <Y>3121</Y>
            </Point>
            <Point>
              <X>6833</X>
              <Y>3856</Y>
            </Point>
          </_Points>
        </Polygon>
        <Polygon>
          <_Color>
            <A>255</A>
            <R>0</R>
            <G>0</G>
            <B>0</B>
            <ScA>1</ScA>
            <ScR>0</ScR>
            <ScG>0</ScG>
            <ScB>0</ScB>
          </_Color>
          <_Points>
            <Point>
              <X>7031</X>
              <Y>3852</Y>
            </Point>
            <Point>
              <X>7023</X>
              <Y>3133</Y>
            </Point>
            <Point>
              <X>8618</X>
              <Y>3133</Y>
            </Point>
            <Point>
              <X>8610</X>
              <Y>3679</Y>
            </Point>
            <Point>
              <X>9846</X>
              <Y>3691</Y>
            </Point>
            <Point>
              <X>9850</X>
              <Y>3905</Y>
            </Point>
            <Point>
              <X>9765</X>
              <Y>3913</Y>
            </Point>
            <Point>
              <X>9769</X>
              <Y>4103</Y>
            </Point>
            <Point>
              <X>9402</X>
              <Y>4107</Y>
            </Point>
            <Point>
              <X>9386</X>
              <Y>5807</Y>
            </Point>
            <Point>
              <X>9240</X>
              <Y>5799</Y>
            </Point>
            <Point>
              <X>9236</X>
              <Y>3994</Y>
            </Point>
            <Point>
              <X>7104</X>
              <Y>3990</Y>
            </Point>
            <Point>
              <X>7031</X>
              <Y>3852</Y>
            </Point>
          </_Points>
        </Polygon>
        <Polygon>
          <_Color>
            <A>255</A>
            <R>0</R>
            <G>0</G>
            <B>0</B>
            <ScA>1</ScA>
            <ScR>0</ScR>
            <ScG>0</ScG>
            <ScB>0</ScB>
          </_Color>
          <_Points>
            <Point>
              <X>8202</X>
              <Y>5775</Y>
            </Point>
            <Point>
              <X>8219</X>
              <Y>6296</Y>
            </Point>
            <Point>
              <X>8509</X>
              <Y>6292</Y>
            </Point>
            <Point>
              <X>8505</X>
              <Y>5775</Y>
            </Point>
            <Point>
              <X>8202</X>
              <Y>5775</Y>
            </Point>
          </_Points>
        </Polygon>
        <Polygon>
          <_Color>
            <A>255</A>
            <R>0</R>
            <G>0</G>
            <B>0</B>
            <ScA>1</ScA>
            <ScR>0</ScR>
            <ScG>0</ScG>
            <ScB>0</ScB>
          </_Color>
          <_Points>
            <Point>
              <X>8566</X>
              <Y>7096</Y>
            </Point>
            <Point>
              <X>8679</X>
              <Y>7192</Y>
            </Point>
            <Point>
              <X>8356</X>
              <Y>7463</Y>
            </Point>
            <Point>
              <X>8243</X>
              <Y>7370</Y>
            </Point>
            <Point>
              <X>8566</X>
              <Y>7096</Y>
            </Point>
          </_Points>
        </Polygon>
        <Polygon>
          <_Color>
            <A>255</A>
            <R>0</R>
            <G>0</G>
            <B>0</B>
            <ScA>1</ScA>
            <ScR>0</ScR>
            <ScG>0</ScG>
            <ScB>0</ScB>
          </_Color>
          <_Points>
            <Point>
              <X>6393</X>
              <Y>4636</Y>
            </Point>
            <Point>
              <X>6393</X>
              <Y>5068</Y>
            </Point>
            <Point>
              <X>6466</X>
              <Y>5072</Y>
            </Point>
            <Point>
              <X>6478</X>
              <Y>4559</Y>
            </Point>
            <Point>
              <X>5815</X>
              <Y>4559</Y>
            </Point>
            <Point>
              <X>5807</X>
              <Y>4624</Y>
            </Point>
            <Point>
              <X>6393</X>
              <Y>4636</Y>
            </Point>
            <Point>
              <X>6393</X>
              <Y>5068</Y>
            </Point>
            <Point>
              <X>6466</X>
              <Y>5072</Y>
            </Point>
            <Point>
              <X>6478</X>
              <Y>4559</Y>
            </Point>
            <Point>
              <X>5815</X>
              <Y>4559</Y>
            </Point>
            <Point>
              <X>5807</X>
              <Y>4624</Y>
            </Point>
            <Point>
              <X>6393</X>
              <Y>4636</Y>
            </Point>
          </_Points>
        </Polygon>
        <Polygon>
          <_Color>
            <A>255</A>
            <R>0</R>
            <G>0</G>
            <B>0</B>
            <ScA>1</ScA>
            <ScR>0</ScR>
            <ScG>0</ScG>
            <ScB>0</ScB>
          </_Color>
          <_Points>
            <Point>
              <X>5533</X>
              <Y>4624</Y>
            </Point>
            <Point>
              <X>5533</X>
              <Y>4563</Y>
            </Point>
            <Point>
              <X>4915</X>
              <Y>4567</Y>
            </Point>
            <Point>
              <X>4903</X>
              <Y>5420</Y>
            </Point>
            <Point>
              <X>4624</X>
              <Y>5411</Y>
            </Point>
            <Point>
              <X>4527</X>
              <Y>5383</Y>
            </Point>
            <Point>
              <X>4462</X>
              <Y>5460</Y>
            </Point>
            <Point>
              <X>4523</X>
              <Y>5662</Y>
            </Point>
            <Point>
              <X>4604</X>
              <Y>5658</Y>
            </Point>
            <Point>
              <X>4604</X>
              <Y>5484</Y>
            </Point>
            <Point>
              <X>4898</X>
              <Y>5472</Y>
            </Point>
            <Point>
              <X>4903</X>
              <Y>6074</Y>
            </Point>
            <Point>
              <X>4987</X>
              <Y>6066</Y>
            </Point>
            <Point>
              <X>4995</X>
              <Y>4632</Y>
            </Point>
            <Point>
              <X>5533</X>
              <Y>4624</Y>
            </Point>
            <Point>
              <X>5533</X>
              <Y>4563</Y>
            </Point>
            <Point>
              <X>4915</X>
              <Y>4567</Y>
            </Point>
            <Point>
              <X>4903</X>
              <Y>5420</Y>
            </Point>
            <Point>
              <X>4624</X>
              <Y>5411</Y>
            </Point>
            <Point>
              <X>4527</X>
              <Y>5383</Y>
            </Point>
            <Point>
              <X>4462</X>
              <Y>5460</Y>
            </Point>
            <Point>
              <X>4523</X>
              <Y>5662</Y>
            </Point>
            <Point>
              <X>4600</X>
              <Y>5638</Y>
            </Point>
            <Point>
              <X>4604</X>
              <Y>5484</Y>
            </Point>
            <Point>
              <X>4898</X>
              <Y>5472</Y>
            </Point>
            <Point>
              <X>4903</X>
              <Y>6074</Y>
            </Point>
            <Point>
              <X>4987</X>
              <Y>6066</Y>
            </Point>
            <Point>
              <X>4995</X>
              <Y>4632</Y>
            </Point>
            <Point>
              <X>5533</X>
              <Y>4624</Y>
            </Point>
            <Point>
              <X>5512</X>
              <Y>4563</Y>
            </Point>
          </_Points>
        </Polygon>
        <Polygon>
          <_Color>
            <A>255</A>
            <R>0</R>
            <G>0</G>
            <B>0</B>
            <ScA>1</ScA>
            <ScR>0</ScR>
            <ScG>0</ScG>
            <ScB>0</ScB>
          </_Color>
          <_Points>
            <Point>
              <X>4604</X>
              <Y>5912</Y>
            </Point>
            <Point>
              <X>4604</X>
              <Y>6405</Y>
            </Point>
            <Point>
              <X>4907</X>
              <Y>6397</Y>
            </Point>
            <Point>
              <X>4907</X>
              <Y>6203</Y>
            </Point>
            <Point>
              <X>4983</X>
              <Y>6203</Y>
            </Point>
            <Point>
              <X>4995</X>
              <Y>6870</Y>
            </Point>
            <Point>
              <X>4987</X>
              <Y>6894</Y>
            </Point>
            <Point>
              <X>4907</X>
              <Y>6885</Y>
            </Point>
            <Point>
              <X>4903</X>
              <Y>6457</Y>
            </Point>
            <Point>
              <X>4636</X>
              <Y>6453</Y>
            </Point>
            <Point>
              <X>4531</X>
              <Y>6486</Y>
            </Point>
            <Point>
              <X>4458</X>
              <Y>6393</Y>
            </Point>
            <Point>
              <X>4515</X>
              <Y>6215</Y>
            </Point>
            <Point>
              <X>4515</X>
              <Y>5904</Y>
            </Point>
            <Point>
              <X>4604</X>
              <Y>5912</Y>
            </Point>
            <Point>
              <X>4604</X>
              <Y>6405</Y>
            </Point>
            <Point>
              <X>4907</X>
              <Y>6397</Y>
            </Point>
            <Point>
              <X>4907</X>
              <Y>6203</Y>
            </Point>
            <Point>
              <X>4983</X>
              <Y>6203</Y>
            </Point>
            <Point>
              <X>4987</X>
              <Y>6894</Y>
            </Point>
            <Point>
              <X>4907</X>
              <Y>6885</Y>
            </Point>
            <Point>
              <X>4903</X>
              <Y>6457</Y>
            </Point>
            <Point>
              <X>4636</X>
              <Y>6453</Y>
            </Point>
            <Point>
              <X>4531</X>
              <Y>6486</Y>
            </Point>
            <Point>
              <X>4458</X>
              <Y>6393</Y>
            </Point>
            <Point>
              <X>4515</X>
              <Y>6215</Y>
            </Point>
            <Point>
              <X>4515</X>
              <Y>5904</Y>
            </Point>
            <Point>
              <X>4604</X>
              <Y>5912</Y>
            </Point>
            <Point>
              <X>4604</X>
              <Y>6405</Y>
            </Point>
            <Point>
              <X>4907</X>
              <Y>6397</Y>
            </Point>
            <Point>
              <X>4907</X>
              <Y>6203</Y>
            </Point>
            <Point>
              <X>4983</X>
              <Y>6203</Y>
            </Point>
          </_Points>
        </Polygon>
        <Polygon>
          <_Color>
            <A>255</A>
            <R>0</R>
            <G>0</G>
            <B>0</B>
            <ScA>1</ScA>
            <ScR>0</ScR>
            <ScG>0</ScG>
            <ScB>0</ScB>
          </_Color>
          <_Points>
            <Point>
              <X>4903</X>
              <Y>7027</Y>
            </Point>
            <Point>
              <X>4987</X>
              <Y>7023</Y>
            </Point>
            <Point>
              <X>4983</X>
              <Y>7439</Y>
            </Point>
            <Point>
              <X>5654</X>
              <Y>7443</Y>
            </Point>
            <Point>
              <X>5646</X>
              <Y>7508</Y>
            </Point>
            <Point>
              <X>4907</X>
              <Y>7504</Y>
            </Point>
            <Point>
              <X>4903</X>
              <Y>7047</Y>
            </Point>
            <Point>
              <X>4903</X>
              <Y>7027</Y>
            </Point>
          </_Points>
        </Polygon>
        <Polygon>
          <_Color>
            <A>255</A>
            <R>0</R>
            <G>0</G>
            <B>0</B>
            <ScA>1</ScA>
            <ScR>0</ScR>
            <ScG>0</ScG>
            <ScB>0</ScB>
          </_Color>
          <_Points>
            <Point>
              <X>4987</X>
              <Y>7023</Y>
            </Point>
            <Point>
              <X>4983</X>
              <Y>7439</Y>
            </Point>
            <Point>
              <X>5654</X>
              <Y>7443</Y>
            </Point>
            <Point>
              <X>5646</X>
              <Y>7508</Y>
            </Point>
            <Point>
              <X>4907</X>
              <Y>7504</Y>
            </Point>
            <Point>
              <X>4903</X>
              <Y>7027</Y>
            </Point>
            <Point>
              <X>4987</X>
              <Y>7023</Y>
            </Point>
          </_Points>
        </Polygon>
        <Polygon>
          <_Color>
            <A>255</A>
            <R>0</R>
            <G>0</G>
            <B>0</B>
            <ScA>1</ScA>
            <ScR>0</ScR>
            <ScG>0</ScG>
            <ScB>0</ScB>
          </_Color>
          <_Points>
            <Point>
              <X>4895</X>
              <Y>7229</Y>
            </Point>
            <Point>
              <X>4838</X>
              <Y>7241</Y>
            </Point>
            <Point>
              <X>4838</X>
              <Y>7443</Y>
            </Point>
            <Point>
              <X>4898</X>
              <Y>7435</Y>
            </Point>
          </_Points>
        </Polygon>
        <Polygon>
          <_Color>
            <A>255</A>
            <R>0</R>
            <G>0</G>
            <B>0</B>
            <ScA>1</ScA>
            <ScR>0</ScR>
            <ScG>0</ScG>
            <ScB>0</ScB>
          </_Color>
          <_Points>
            <Point>
              <X>5815</X>
              <Y>7447</Y>
            </Point>
            <Point>
              <X>5807</X>
              <Y>7504</Y>
            </Point>
            <Point>
              <X>6478</X>
              <Y>7499</Y>
            </Point>
            <Point>
              <X>6478</X>
              <Y>7019</Y>
            </Point>
            <Point>
              <X>6393</X>
              <Y>7019</Y>
            </Point>
            <Point>
              <X>6405</X>
              <Y>7427</Y>
            </Point>
            <Point>
              <X>5815</X>
              <Y>7447</Y>
            </Point>
            <Point>
              <X>5807</X>
              <Y>7504</Y>
            </Point>
            <Point>
              <X>6478</X>
              <Y>7499</Y>
            </Point>
            <Point>
              <X>6478</X>
              <Y>7019</Y>
            </Point>
            <Point>
              <X>6393</X>
              <Y>7019</Y>
            </Point>
            <Point>
              <X>6405</X>
              <Y>7427</Y>
            </Point>
            <Point>
              <X>5815</X>
              <Y>7447</Y>
            </Point>
            <Point>
              <X>5807</X>
              <Y>7504</Y>
            </Point>
          </_Points>
        </Polygon>
        <Polygon>
          <_Color>
            <A>255</A>
            <R>0</R>
            <G>0</G>
            <B>0</B>
            <ScA>1</ScA>
            <ScR>0</ScR>
            <ScG>0</ScG>
            <ScB>0</ScB>
          </_Color>
          <_Points>
            <Point>
              <X>6401</X>
              <Y>6171</Y>
            </Point>
            <Point>
              <X>6474</X>
              <Y>6175</Y>
            </Point>
            <Point>
              <X>6470</X>
              <Y>6841</Y>
            </Point>
            <Point>
              <X>6397</X>
              <Y>6849</Y>
            </Point>
            <Point>
              <X>6401</X>
              <Y>6171</Y>
            </Point>
            <Point>
              <X>6474</X>
              <Y>6175</Y>
            </Point>
            <Point>
              <X>6470</X>
              <Y>6841</Y>
            </Point>
            <Point>
              <X>6397</X>
              <Y>6849</Y>
            </Point>
            <Point>
              <X>6401</X>
              <Y>6171</Y>
            </Point>
          </_Points>
        </Polygon>
        <Polygon>
          <_Color>
            <A>255</A>
            <R>0</R>
            <G>0</G>
            <B>0</B>
            <ScA>1</ScA>
            <ScR>0</ScR>
            <ScG>0</ScG>
            <ScB>0</ScB>
          </_Color>
          <_Points>
            <Point>
              <X>6401</X>
              <Y>5924</Y>
            </Point>
            <Point>
              <X>6474</X>
              <Y>5928</Y>
            </Point>
            <Point>
              <X>6474</X>
              <Y>5234</Y>
            </Point>
            <Point>
              <X>6393</X>
              <Y>5238</Y>
            </Point>
            <Point>
              <X>6401</X>
              <Y>5924</Y>
            </Point>
            <Point>
              <X>6474</X>
              <Y>5928</Y>
            </Point>
            <Point>
              <X>6474</X>
              <Y>5234</Y>
            </Point>
            <Point>
              <X>6393</X>
              <Y>5238</Y>
            </Point>
            <Point>
              <X>6401</X>
              <Y>5924</Y>
            </Point>
          </_Points>
        </Polygon>
        <Polygon>
          <_Color>
            <A>255</A>
            <R>0</R>
            <G>0</G>
            <B>0</B>
            <ScA>1</ScA>
            <ScR>0</ScR>
            <ScG>0</ScG>
            <ScB>0</ScB>
          </_Color>
          <_Points>
            <Point>
              <X>5807</X>
              <Y>4810</Y>
            </Point>
            <Point>
              <X>5803</X>
              <Y>4830</Y>
            </Point>
            <Point>
              <X>6062</X>
              <Y>4830</Y>
            </Point>
            <Point>
              <X>6070</X>
              <Y>5521</Y>
            </Point>
            <Point>
              <X>6106</X>
              <Y>5516</Y>
            </Point>
            <Point>
              <X>6110</X>
              <Y>4814</Y>
            </Point>
            <Point>
              <X>5807</X>
              <Y>4810</Y>
            </Point>
          </_Points>
        </Polygon>
        <Polygon>
          <_Color>
            <A>255</A>
            <R>0</R>
            <G>0</G>
            <B>0</B>
            <ScA>1</ScA>
            <ScR>0</ScR>
            <ScG>0</ScG>
            <ScB>0</ScB>
          </_Color>
          <_Points>
            <Point>
              <X>5795</X>
              <Y>4963</Y>
            </Point>
            <Point>
              <X>5831</X>
              <Y>4963</Y>
            </Point>
            <Point>
              <X>5831</X>
              <Y>6999</Y>
            </Point>
            <Point>
              <X>5787</X>
              <Y>6999</Y>
            </Point>
            <Point>
              <X>5795</X>
              <Y>4963</Y>
            </Point>
          </_Points>
        </Polygon>
        <Polygon>
          <_Color>
            <A>255</A>
            <R>0</R>
            <G>0</G>
            <B>0</B>
            <ScA>1</ScA>
            <ScR>0</ScR>
            <ScG>0</ScG>
            <ScB>0</ScB>
          </_Color>
          <_Points>
            <Point>
              <X>5452</X>
              <Y>6417</Y>
            </Point>
            <Point>
              <X>5492</X>
              <Y>6413</Y>
            </Point>
            <Point>
              <X>5492</X>
              <Y>7225</Y>
            </Point>
            <Point>
              <X>6062</X>
              <Y>7217</Y>
            </Point>
            <Point>
              <X>6058</X>
              <Y>7120</Y>
            </Point>
            <Point>
              <X>6106</X>
              <Y>7124</Y>
            </Point>
            <Point>
              <X>6114</X>
              <Y>7257</Y>
            </Point>
            <Point>
              <X>5456</X>
              <Y>7269</Y>
            </Point>
            <Point>
              <X>5452</X>
              <Y>6417</Y>
            </Point>
          </_Points>
        </Polygon>
        <Polygon>
          <_Color>
            <A>255</A>
            <R>0</R>
            <G>0</G>
            <B>0</B>
            <ScA>1</ScA>
            <ScR>0</ScR>
            <ScG>0</ScG>
            <ScB>0</ScB>
          </_Color>
          <_Points>
            <Point>
              <X>6070</X>
              <Y>6999</Y>
            </Point>
            <Point>
              <X>6066</X>
              <Y>6538</Y>
            </Point>
            <Point>
              <X>6106</X>
              <Y>6542</Y>
            </Point>
            <Point>
              <X>6114</X>
              <Y>6991</Y>
            </Point>
            <Point>
              <X>6070</X>
              <Y>6999</Y>
            </Point>
          </_Points>
        </Polygon>
      </_Polygons>
    </Layer>
    <Layer>
      <_Images />
      <_Polygons>
        <Polygon>
          <_Color>
            <A>255</A>
            <R>0</R>
            <G>0</G>
            <B>0</B>
            <ScA>1</ScA>
            <ScR>0</ScR>
            <ScG>0</ScG>
            <ScB>0</ScB>
          </_Color>
          <_Points>
            <Point>
              <X>24972</X>
              <Y>6885</Y>
            </Point>
          </_Points>
        </Polygon>
      </_Polygons>
    </Layer>
    <Layer>
      <_Images />
      <_Polygons />
    </Layer>
    <Layer>
      <_Images />
      <_Polygons />
    </Layer>
    <Layer>
      <_Images>
        <Image>
          <Width>8614.8846763619676</Width>
          <Height>6462.1732218373882</Height>
          <X>2570.4653374470327</X>
          <Y>2791.105831790921</Y>
          <Path>cs_estate.jpg</Path>
        </Image>
      </_Images>
      <_Polygons />
    </Layer>
  </_Layers>
</MapDatabase>