<?xml version="1.0"?>
<MapDatabase xmlns:xsi="http://www.w3.org/2001/XMLSchema-instance" xmlns:xsd="http://www.w3.org/2001/XMLSchema">
  <_TStartPos>
    <X>795.93314124445442</X>
    <Y>3078.9860637054271</Y>
  </_TStartPos>
  <_CStartPos>
    <X>7633.4794535111514</X>
    <Y>3343.0141539936394</Y>
  </_CStartPos>
  <_Layers>
    <Layer>
      <_Images />
      <_Polygons>
        <Polygon>
          <_Color>
            <A>255</A>
            <R>0</R>
            <G>0</G>
            <B>0</B>
            <ScA>1</ScA>
            <ScR>0</ScR>
            <ScG>0</ScG>
            <ScB>0</ScB>
          </_Color>
          <_Points>
            <Point>
              <X>2795</X>
              <Y>2142</Y>
            </Point>
            <Point>
              <X>3029</X>
              <Y>2145</Y>
            </Point>
            <Point>
              <X>3031</X>
              <Y>2093</Y>
            </Point>
            <Point>
              <X>2795</X>
              <Y>2088</Y>
            </Point>
            <Point>
              <X>2795</X>
              <Y>2142</Y>
            </Point>
          </_Points>
        </Polygon>
        <Polygon>
          <_Color>
            <A>255</A>
            <R>0</R>
            <G>0</G>
            <B>0</B>
            <ScA>1</ScA>
            <ScR>0</ScR>
            <ScG>0</ScG>
            <ScB>0</ScB>
          </_Color>
          <_Points>
            <Point>
              <X>3153</X>
              <Y>2092</Y>
            </Point>
            <Point>
              <X>3156</X>
              <Y>2144</Y>
            </Point>
            <Point>
              <X>3682</X>
              <Y>2154</Y>
            </Point>
            <Point>
              <X>3682</X>
              <Y>2179</Y>
            </Point>
            <Point>
              <X>3740</X>
              <Y>2179</Y>
            </Point>
            <Point>
              <X>3736</X>
              <Y>2104</Y>
            </Point>
            <Point>
              <X>3153</X>
              <Y>2092</Y>
            </Point>
          </_Points>
        </Polygon>
        <Polygon>
          <_Color>
            <A>255</A>
            <R>0</R>
            <G>0</G>
            <B>0</B>
            <ScA>1</ScA>
            <ScR>0</ScR>
            <ScG>0</ScG>
            <ScB>0</ScB>
          </_Color>
          <_Points>
            <Point>
              <X>3686</X>
              <Y>2303</Y>
            </Point>
            <Point>
              <X>3740</X>
              <Y>2303</Y>
            </Point>
            <Point>
              <X>3744</X>
              <Y>2558</Y>
            </Point>
            <Point>
              <X>3691</X>
              <Y>2554</Y>
            </Point>
            <Point>
              <X>3686</X>
              <Y>2303</Y>
            </Point>
          </_Points>
        </Polygon>
        <Polygon>
          <_Color>
            <A>255</A>
            <R>0</R>
            <G>0</G>
            <B>0</B>
            <ScA>1</ScA>
            <ScR>0</ScR>
            <ScG>0</ScG>
            <ScB>0</ScB>
          </_Color>
          <_Points>
            <Point>
              <X>5922</X>
              <Y>1466</Y>
            </Point>
            <Point>
              <X>6260</X>
              <Y>1459</Y>
            </Point>
            <Point>
              <X>6264</X>
              <Y>1492</Y>
            </Point>
            <Point>
              <X>6218</X>
              <Y>1491</Y>
            </Point>
            <Point>
              <X>6221</X>
              <Y>1678</Y>
            </Point>
          </_Points>
        </Polygon>
        <Polygon>
          <_Color>
            <A>255</A>
            <R>0</R>
            <G>0</G>
            <B>0</B>
            <ScA>1</ScA>
            <ScR>0</ScR>
            <ScG>0</ScG>
            <ScB>0</ScB>
          </_Color>
          <_Points>
            <Point>
              <X>983</X>
              <Y>2976</Y>
            </Point>
            <Point>
              <X>700</X>
              <Y>2972</Y>
            </Point>
            <Point>
              <X>701</X>
              <Y>3003</Y>
            </Point>
            <Point>
              <X>668</X>
              <Y>3008</Y>
            </Point>
            <Point>
              <X>664</X>
              <Y>3573</Y>
            </Point>
            <Point>
              <X>804</X>
              <Y>3576</Y>
            </Point>
          </_Points>
        </Polygon>
        <Polygon>
          <_Color>
            <A>255</A>
            <R>0</R>
            <G>0</G>
            <B>0</B>
            <ScA>1</ScA>
            <ScR>0</ScR>
            <ScG>0</ScG>
            <ScB>0</ScB>
          </_Color>
          <_Points>
            <Point>
              <X>1020</X>
              <Y>3327</Y>
            </Point>
            <Point>
              <X>1018</X>
              <Y>3009</Y>
            </Point>
            <Point>
              <X>983</X>
              <Y>3007</Y>
            </Point>
            <Point>
              <X>983</X>
              <Y>2976</Y>
            </Point>
          </_Points>
        </Polygon>
        <Polygon>
          <_Color>
            <A>255</A>
            <R>0</R>
            <G>0</G>
            <B>0</B>
            <ScA>1</ScA>
            <ScR>0</ScR>
            <ScG>0</ScG>
            <ScB>0</ScB>
          </_Color>
          <_Points>
            <Point>
              <X>1158</X>
              <Y>3398</Y>
            </Point>
            <Point>
              <X>1020</X>
              <Y>3327</Y>
            </Point>
          </_Points>
        </Polygon>
        <Polygon>
          <_Color>
            <A>255</A>
            <R>0</R>
            <G>0</G>
            <B>0</B>
            <ScA>1</ScA>
            <ScR>0</ScR>
            <ScG>0</ScG>
            <ScB>0</ScB>
          </_Color>
          <_Points>
            <Point>
              <X>946</X>
              <Y>3707</Y>
            </Point>
            <Point>
              <X>804</X>
              <Y>3576</Y>
            </Point>
          </_Points>
        </Polygon>
        <Polygon>
          <_Color>
            <A>255</A>
            <R>0</R>
            <G>0</G>
            <B>0</B>
            <ScA>1</ScA>
            <ScR>0</ScR>
            <ScG>0</ScG>
            <ScB>0</ScB>
          </_Color>
          <_Points>
            <Point>
              <X>1158</X>
              <Y>3398</Y>
            </Point>
            <Point>
              <X>1488</X>
              <Y>3293</Y>
            </Point>
            <Point>
              <X>1595</X>
              <Y>3290</Y>
            </Point>
            <Point>
              <X>1783</X>
              <Y>3391</Y>
            </Point>
            <Point>
              <X>2029</X>
              <Y>3392</Y>
            </Point>
            <Point>
              <X>2037</X>
              <Y>3447</Y>
            </Point>
            <Point>
              <X>2145</X>
              <Y>3540</Y>
            </Point>
            <Point>
              <X>2375</X>
              <Y>3540</Y>
            </Point>
            <Point>
              <X>2641</X>
              <Y>3391</Y>
            </Point>
            <Point>
              <X>2771</X>
              <Y>3393</Y>
            </Point>
            <Point>
              <X>2823</X>
              <Y>3443</Y>
            </Point>
            <Point>
              <X>2910</X>
              <Y>3426</Y>
            </Point>
            <Point>
              <X>2911</X>
              <Y>3479</Y>
            </Point>
            <Point>
              <X>2987</X>
              <Y>3482</Y>
            </Point>
            <Point>
              <X>2985</X>
              <Y>3392</Y>
            </Point>
            <Point>
              <X>3043</X>
              <Y>3365</Y>
            </Point>
            <Point>
              <X>3062</X>
              <Y>3317</Y>
            </Point>
            <Point>
              <X>3334</X>
              <Y>3059</Y>
            </Point>
            <Point>
              <X>3438</X>
              <Y>2980</Y>
            </Point>
          </_Points>
        </Polygon>
        <Polygon>
          <_Color>
            <A>255</A>
            <R>0</R>
            <G>0</G>
            <B>0</B>
            <ScA>1</ScA>
            <ScR>0</ScR>
            <ScG>0</ScG>
            <ScB>0</ScB>
          </_Color>
          <_Points>
            <Point>
              <X>3438</X>
              <Y>2980</Y>
            </Point>
            <Point>
              <X>3516</X>
              <Y>2784</Y>
            </Point>
            <Point>
              <X>3512</X>
              <Y>2695</Y>
            </Point>
            <Point>
              <X>3654</X>
              <Y>2690</Y>
            </Point>
            <Point>
              <X>3654</X>
              <Y>3255</Y>
            </Point>
            <Point>
              <X>3600</X>
              <Y>3257</Y>
            </Point>
            <Point>
              <X>3599</X>
              <Y>3293</Y>
            </Point>
            <Point>
              <X>3650</X>
              <Y>3291</Y>
            </Point>
            <Point>
              <X>3654</X>
              <Y>3458</Y>
            </Point>
            <Point>
              <X>3693</X>
              <Y>3457</Y>
            </Point>
            <Point>
              <X>3688</X>
              <Y>3154</Y>
            </Point>
            <Point>
              <X>3731</X>
              <Y>3153</Y>
            </Point>
            <Point>
              <X>3739</X>
              <Y>3152</Y>
            </Point>
            <Point>
              <X>3740</X>
              <Y>3118</Y>
            </Point>
            <Point>
              <X>3690</X>
              <Y>3118</Y>
            </Point>
            <Point>
              <X>3687</X>
              <Y>2732</Y>
            </Point>
            <Point>
              <X>3928</X>
              <Y>2727</Y>
            </Point>
            <Point>
              <X>3935</X>
              <Y>2819</Y>
            </Point>
            <Point>
              <X>3967</X>
              <Y>2824</Y>
            </Point>
            <Point>
              <X>3966</X>
              <Y>2726</Y>
            </Point>
            <Point>
              <X>4045</X>
              <Y>2719</Y>
            </Point>
            <Point>
              <X>4041</X>
              <Y>2266</Y>
            </Point>
            <Point>
              <X>4076</X>
              <Y>2234</Y>
            </Point>
            <Point>
              <X>4290</X>
              <Y>2235</Y>
            </Point>
            <Point>
              <X>4297</X>
              <Y>1605</Y>
            </Point>
            <Point>
              <X>4496</X>
              <Y>1605</Y>
            </Point>
          </_Points>
        </Polygon>
        <Polygon>
          <_Color>
            <A>255</A>
            <R>0</R>
            <G>0</G>
            <B>0</B>
            <ScA>1</ScA>
            <ScR>0</ScR>
            <ScG>0</ScG>
            <ScB>0</ScB>
          </_Color>
          <_Points>
            <Point>
              <X>4496</X>
              <Y>1605</Y>
            </Point>
            <Point>
              <X>4495</X>
              <Y>1381</Y>
            </Point>
            <Point>
              <X>4547</X>
              <Y>1323</Y>
            </Point>
            <Point>
              <X>4795</X>
              <Y>1318</Y>
            </Point>
            <Point>
              <X>4847</X>
              <Y>1376</Y>
            </Point>
            <Point>
              <X>4849</X>
              <Y>1604</Y>
            </Point>
            <Point>
              <X>5045</X>
              <Y>1602</Y>
            </Point>
            <Point>
              <X>5057</X>
              <Y>1615</Y>
            </Point>
            <Point>
              <X>5062</X>
              <Y>2233</Y>
            </Point>
            <Point>
              <X>5267</X>
              <Y>2235</Y>
            </Point>
            <Point>
              <X>5300</X>
              <Y>2259</Y>
            </Point>
            <Point>
              <X>5306</X>
              <Y>2721</Y>
            </Point>
            <Point>
              <X>5481</X>
              <Y>2726</Y>
            </Point>
            <Point>
              <X>5482</X>
              <Y>2896</Y>
            </Point>
            <Point>
              <X>5515</X>
              <Y>2897</Y>
            </Point>
            <Point>
              <X>5520</X>
              <Y>2692</Y>
            </Point>
            <Point>
              <X>6047</X>
              <Y>2691</Y>
            </Point>
            <Point>
              <X>6076</X>
              <Y>2758</Y>
            </Point>
            <Point>
              <X>6234</X>
              <Y>2761</Y>
            </Point>
            <Point>
              <X>6393</X>
              <Y>2691</Y>
            </Point>
            <Point>
              <X>6499</X>
              <Y>2692</Y>
            </Point>
            <Point>
              <X>6639</X>
              <Y>2795</Y>
            </Point>
            <Point>
              <X>6778</X>
              <Y>2833</Y>
            </Point>
            <Point>
              <X>6886</X>
              <Y>2866</Y>
            </Point>
            <Point>
              <X>6962</X>
              <Y>2885</Y>
            </Point>
            <Point>
              <X>7128</X>
              <Y>2869</Y>
            </Point>
            <Point>
              <X>7383</X>
              <Y>2798</Y>
            </Point>
            <Point>
              <X>7553</X>
              <Y>2795</Y>
            </Point>
            <Point>
              <X>7773</X>
              <Y>2870</Y>
            </Point>
            <Point>
              <X>7844</X>
              <Y>2938</Y>
            </Point>
            <Point>
              <X>7872</X>
              <Y>3028</Y>
            </Point>
            <Point>
              <X>7869</X>
              <Y>3341</Y>
            </Point>
            <Point>
              <X>7804</X>
              <Y>3600</Y>
            </Point>
            <Point>
              <X>7769</X>
              <Y>3601</Y>
            </Point>
            <Point>
              <X>7768</X>
              <Y>3636</Y>
            </Point>
            <Point>
              <X>7484</X>
              <Y>3636</Y>
            </Point>
            <Point>
              <X>7487</X>
              <Y>3609</Y>
            </Point>
            <Point>
              <X>7457</X>
              <Y>3606</Y>
            </Point>
            <Point>
              <X>7454</X>
              <Y>3393</Y>
            </Point>
            <Point>
              <X>7272</X>
              <Y>3212</Y>
            </Point>
            <Point>
              <X>7109</X>
              <Y>3149</Y>
            </Point>
            <Point>
              <X>6960</X>
              <Y>3150</Y>
            </Point>
            <Point>
              <X>6811</X>
              <Y>3043</Y>
            </Point>
            <Point>
              <X>6677</X>
              <Y>2992</Y>
            </Point>
            <Point>
              <X>6484</X>
              <Y>2994</Y>
            </Point>
            <Point>
              <X>6285</X>
              <Y>3044</Y>
            </Point>
            <Point>
              <X>6152</X>
              <Y>3209</Y>
            </Point>
            <Point>
              <X>6082</X>
              <Y>3394</Y>
            </Point>
            <Point>
              <X>5960</X>
              <Y>3487</Y>
            </Point>
            <Point>
              <X>5951</X>
              <Y>3609</Y>
            </Point>
            <Point>
              <X>6496</X>
              <Y>3923</Y>
            </Point>
            <Point>
              <X>6720</X>
              <Y>3924</Y>
            </Point>
            <Point>
              <X>6712</X>
              <Y>4170</Y>
            </Point>
            <Point>
              <X>6578</X>
              <Y>4484</Y>
            </Point>
            <Point>
              <X>6570</X>
              <Y>4309</Y>
            </Point>
            <Point>
              <X>6506</X>
              <Y>4310</Y>
            </Point>
            <Point>
              <X>6509</X>
              <Y>4339</Y>
            </Point>
            <Point>
              <X>6532</X>
              <Y>4340</Y>
            </Point>
            <Point>
              <X>6537</X>
              <Y>4764</Y>
            </Point>
            <Point>
              <X>6507</X>
              <Y>4766</Y>
            </Point>
            <Point>
              <X>6507</X>
              <Y>4793</Y>
            </Point>
          </_Points>
        </Polygon>
        <Polygon>
          <_Color>
            <A>255</A>
            <R>0</R>
            <G>0</G>
            <B>0</B>
            <ScA>1</ScA>
            <ScR>0</ScR>
            <ScG>0</ScG>
            <ScB>0</ScB>
          </_Color>
          <_Points>
            <Point>
              <X>6618</X>
              <Y>4801</Y>
            </Point>
            <Point>
              <X>6507</X>
              <Y>4793</Y>
            </Point>
          </_Points>
        </Polygon>
        <Polygon>
          <_Color>
            <A>255</A>
            <R>0</R>
            <G>0</G>
            <B>0</B>
            <ScA>1</ScA>
            <ScR>0</ScR>
            <ScG>0</ScG>
            <ScB>0</ScB>
          </_Color>
          <_Points>
            <Point>
              <X>6359</X>
              <Y>5015</Y>
            </Point>
            <Point>
              <X>6366</X>
              <Y>5070</Y>
            </Point>
            <Point>
              <X>6629</X>
              <Y>5069</Y>
            </Point>
            <Point>
              <X>6618</X>
              <Y>4801</Y>
            </Point>
          </_Points>
        </Polygon>
        <Polygon>
          <_Color>
            <A>255</A>
            <R>0</R>
            <G>0</G>
            <B>0</B>
            <ScA>1</ScA>
            <ScR>0</ScR>
            <ScG>0</ScG>
            <ScB>0</ScB>
          </_Color>
          <_Points>
            <Point>
              <X>6359</X>
              <Y>5015</Y>
            </Point>
            <Point>
              <X>5901</X>
              <Y>5013</Y>
            </Point>
            <Point>
              <X>5898</X>
              <Y>5061</Y>
            </Point>
            <Point>
              <X>5785</X>
              <Y>5060</Y>
            </Point>
            <Point>
              <X>5786</X>
              <Y>4949</Y>
            </Point>
            <Point>
              <X>5691</X>
              <Y>4954</Y>
            </Point>
            <Point>
              <X>5694</X>
              <Y>4835</Y>
            </Point>
            <Point>
              <X>5764</X>
              <Y>4836</Y>
            </Point>
            <Point>
              <X>5765</X>
              <Y>4729</Y>
            </Point>
            <Point>
              <X>5695</X>
              <Y>4728</Y>
            </Point>
            <Point>
              <X>5694</X>
              <Y>4700</Y>
            </Point>
            <Point>
              <X>5412</X>
              <Y>4699</Y>
            </Point>
            <Point>
              <X>5409</X>
              <Y>4736</Y>
            </Point>
            <Point>
              <X>5617</X>
              <Y>4730</Y>
            </Point>
            <Point>
              <X>5620</X>
              <Y>5006</Y>
            </Point>
            <Point>
              <X>5588</X>
              <Y>5010</Y>
            </Point>
            <Point>
              <X>5328</X>
              <Y>5107</Y>
            </Point>
            <Point>
              <X>5329</X>
              <Y>5146</Y>
            </Point>
            <Point>
              <X>5029</X>
              <Y>5149</Y>
            </Point>
            <Point>
              <X>5025</X>
              <Y>5288</Y>
            </Point>
          </_Points>
        </Polygon>
        <Polygon>
          <_Color>
            <A>255</A>
            <R>0</R>
            <G>0</G>
            <B>0</B>
            <ScA>1</ScA>
            <ScR>0</ScR>
            <ScG>0</ScG>
            <ScB>0</ScB>
          </_Color>
          <_Points>
            <Point>
              <X>5020</X>
              <Y>5501</Y>
            </Point>
            <Point>
              <X>5025</X>
              <Y>5288</Y>
            </Point>
          </_Points>
        </Polygon>
        <Polygon>
          <_Color>
            <A>255</A>
            <R>0</R>
            <G>0</G>
            <B>0</B>
            <ScA>1</ScA>
            <ScR>0</ScR>
            <ScG>0</ScG>
            <ScB>0</ScB>
          </_Color>
          <_Points>
            <Point>
              <X>5020</X>
              <Y>5501</Y>
            </Point>
            <Point>
              <X>4325</X>
              <Y>5494</Y>
            </Point>
            <Point>
              <X>4323</X>
              <Y>4985</Y>
            </Point>
            <Point>
              <X>3800</X>
              <Y>4839</Y>
            </Point>
            <Point>
              <X>3619</X>
              <Y>4659</Y>
            </Point>
            <Point>
              <X>3548</X>
              <Y>4373</Y>
            </Point>
          </_Points>
        </Polygon>
        <Polygon>
          <_Color>
            <A>255</A>
            <R>0</R>
            <G>0</G>
            <B>0</B>
            <ScA>1</ScA>
            <ScR>0</ScR>
            <ScG>0</ScG>
            <ScB>0</ScB>
          </_Color>
          <_Points>
            <Point>
              <X>3824</X>
              <Y>4136</Y>
            </Point>
            <Point>
              <X>3830</X>
              <Y>4250</Y>
            </Point>
            <Point>
              <X>3896</X>
              <Y>4390</Y>
            </Point>
            <Point>
              <X>4120</X>
              <Y>4538</Y>
            </Point>
            <Point>
              <X>4211</X>
              <Y>4537</Y>
            </Point>
            <Point>
              <X>4250</X>
              <Y>4500</Y>
            </Point>
            <Point>
              <X>4255</X>
              <Y>4134</Y>
            </Point>
          </_Points>
        </Polygon>
        <Polygon>
          <_Color>
            <A>255</A>
            <R>0</R>
            <G>0</G>
            <B>0</B>
            <ScA>1</ScA>
            <ScR>0</ScR>
            <ScG>0</ScG>
            <ScB>0</ScB>
          </_Color>
          <_Points>
            <Point>
              <X>3999</X>
              <Y>4483</Y>
            </Point>
            <Point>
              <X>4035</X>
              <Y>4576</Y>
            </Point>
            <Point>
              <X>3937</X>
              <Y>4620</Y>
            </Point>
            <Point>
              <X>3902</X>
              <Y>4530</Y>
            </Point>
            <Point>
              <X>3994</X>
              <Y>4484</Y>
            </Point>
          </_Points>
        </Polygon>
        <Polygon>
          <_Color>
            <A>255</A>
            <R>0</R>
            <G>0</G>
            <B>0</B>
            <ScA>1</ScA>
            <ScR>0</ScR>
            <ScG>0</ScG>
            <ScB>0</ScB>
          </_Color>
          <_Points>
            <Point>
              <X>4201</X>
              <Y>4557</Y>
            </Point>
            <Point>
              <X>4201</X>
              <Y>4656</Y>
            </Point>
            <Point>
              <X>4304</X>
              <Y>4655</Y>
            </Point>
            <Point>
              <X>4302</X>
              <Y>4555</Y>
            </Point>
            <Point>
              <X>4201</X>
              <Y>4557</Y>
            </Point>
          </_Points>
        </Polygon>
        <Polygon>
          <_Color>
            <A>255</A>
            <R>0</R>
            <G>0</G>
            <B>0</B>
            <ScA>1</ScA>
            <ScR>0</ScR>
            <ScG>0</ScG>
            <ScB>0</ScB>
          </_Color>
          <_Points>
            <Point>
              <X>3548</X>
              <Y>4373</Y>
            </Point>
            <Point>
              <X>3194</X>
              <Y>3957</Y>
            </Point>
            <Point>
              <X>3125</X>
              <Y>3820</Y>
            </Point>
            <Point>
              <X>3064</X>
              <Y>3824</Y>
            </Point>
            <Point>
              <X>3015</X>
              <Y>3752</Y>
            </Point>
            <Point>
              <X>2985</X>
              <Y>3751</Y>
            </Point>
            <Point>
              <X>2981</X>
              <Y>3703</Y>
            </Point>
            <Point>
              <X>2910</X>
              <Y>3699</Y>
            </Point>
            <Point>
              <X>2877</X>
              <Y>3700</Y>
            </Point>
            <Point>
              <X>2875</X>
              <Y>3640</Y>
            </Point>
            <Point>
              <X>2587</X>
              <Y>3634</Y>
            </Point>
            <Point>
              <X>2583</X>
              <Y>3739</Y>
            </Point>
            <Point>
              <X>2835</X>
              <Y>3748</Y>
            </Point>
            <Point>
              <X>2840</X>
              <Y>3815</Y>
            </Point>
            <Point>
              <X>2098</X>
              <Y>3816</Y>
            </Point>
            <Point>
              <X>1825</X>
              <Y>3677</Y>
            </Point>
            <Point>
              <X>1674</X>
              <Y>3687</Y>
            </Point>
            <Point>
              <X>1313</X>
              <Y>3809</Y>
            </Point>
            <Point>
              <X>1221</X>
              <Y>3816</Y>
            </Point>
            <Point>
              <X>946</X>
              <Y>3707</Y>
            </Point>
          </_Points>
        </Polygon>
        <Polygon>
          <_Color>
            <A>255</A>
            <R>0</R>
            <G>0</G>
            <B>0</B>
            <ScA>1</ScA>
            <ScR>0</ScR>
            <ScG>0</ScG>
            <ScB>0</ScB>
          </_Color>
          <_Points>
            <Point>
              <X>3472</X>
              <Y>3258</Y>
            </Point>
            <Point>
              <X>3473</X>
              <Y>3292</Y>
            </Point>
            <Point>
              <X>3447</X>
              <Y>3292</Y>
            </Point>
            <Point>
              <X>3449</X>
              <Y>3671</Y>
            </Point>
            <Point>
              <X>3763</X>
              <Y>3678</Y>
            </Point>
            <Point>
              <X>3981</X>
              <Y>3674</Y>
            </Point>
            <Point>
              <X>3982</X>
              <Y>3710</Y>
            </Point>
            <Point>
              <X>3688</X>
              <Y>3715</Y>
            </Point>
            <Point>
              <X>3689</X>
              <Y>3911</Y>
            </Point>
            <Point>
              <X>4251</X>
              <Y>3913</Y>
            </Point>
            <Point>
              <X>4255</X>
              <Y>3868</Y>
            </Point>
            <Point>
              <X>4323</X>
              <Y>3868</Y>
            </Point>
            <Point>
              <X>4327</X>
              <Y>4028</Y>
            </Point>
            <Point>
              <X>4565</X>
              <Y>4030</Y>
            </Point>
            <Point>
              <X>4567</X>
              <Y>4095</Y>
            </Point>
            <Point>
              <X>4530</X>
              <Y>4097</Y>
            </Point>
            <Point>
              <X>4534</X>
              <Y>4341</Y>
            </Point>
            <Point>
              <X>4877</X>
              <Y>4343</Y>
            </Point>
            <Point>
              <X>4879</X>
              <Y>4308</Y>
            </Point>
            <Point>
              <X>4923</X>
              <Y>4306</Y>
            </Point>
            <Point>
              <X>4923</X>
              <Y>4375</Y>
            </Point>
            <Point>
              <X>4494</X>
              <Y>4376</Y>
            </Point>
            <Point>
              <X>4494</X>
              <Y>4100</Y>
            </Point>
            <Point>
              <X>4257</X>
              <Y>4104</Y>
            </Point>
            <Point>
              <X>4255</X>
              <Y>4134</Y>
            </Point>
          </_Points>
        </Polygon>
        <Polygon>
          <_Color>
            <A>255</A>
            <R>0</R>
            <G>0</G>
            <B>0</B>
            <ScA>1</ScA>
            <ScR>0</ScR>
            <ScG>0</ScG>
            <ScB>0</ScB>
          </_Color>
          <_Points>
            <Point>
              <X>4779</X>
              <Y>4031</Y>
            </Point>
            <Point>
              <X>4777</X>
              <Y>4096</Y>
            </Point>
            <Point>
              <X>4877</X>
              <Y>4099</Y>
            </Point>
            <Point>
              <X>4879</X>
              <Y>4127</Y>
            </Point>
            <Point>
              <X>4917</X>
              <Y>4131</Y>
            </Point>
            <Point>
              <X>4914</X>
              <Y>4104</Y>
            </Point>
            <Point>
              <X>5098</X>
              <Y>4099</Y>
            </Point>
            <Point>
              <X>5097</X>
              <Y>3563</Y>
            </Point>
            <Point>
              <X>5065</X>
              <Y>3560</Y>
            </Point>
            <Point>
              <X>5030</X>
              <Y>3589</Y>
            </Point>
            <Point>
              <X>5027</X>
              <Y>4028</Y>
            </Point>
            <Point>
              <X>4917</X>
              <Y>4027</Y>
            </Point>
            <Point>
              <X>4918</X>
              <Y>3958</Y>
            </Point>
            <Point>
              <X>4822</X>
              <Y>3958</Y>
            </Point>
            <Point>
              <X>4821</X>
              <Y>4024</Y>
            </Point>
            <Point>
              <X>4778</X>
              <Y>4026</Y>
            </Point>
            <Point>
              <X>4779</X>
              <Y>4031</Y>
            </Point>
          </_Points>
        </Polygon>
        <Polygon>
          <_Color>
            <A>255</A>
            <R>0</R>
            <G>0</G>
            <B>0</B>
            <ScA>1</ScA>
            <ScR>0</ScR>
            <ScG>0</ScG>
            <ScB>0</ScB>
          </_Color>
          <_Points>
            <Point>
              <X>4525</X>
              <Y>4029</Y>
            </Point>
            <Point>
              <X>4521</X>
              <Y>3958</Y>
            </Point>
            <Point>
              <X>4438</X>
              <Y>3960</Y>
            </Point>
            <Point>
              <X>4437</X>
              <Y>4028</Y>
            </Point>
          </_Points>
        </Polygon>
        <Polygon>
          <_Color>
            <A>255</A>
            <R>0</R>
            <G>0</G>
            <B>0</B>
            <ScA>1</ScA>
            <ScR>0</ScR>
            <ScG>0</ScG>
            <ScB>0</ScB>
          </_Color>
          <_Points>
            <Point>
              <X>5096</X>
              <Y>3223</Y>
            </Point>
            <Point>
              <X>5060</X>
              <Y>3221</Y>
            </Point>
            <Point>
              <X>5030</X>
              <Y>3245</Y>
            </Point>
            <Point>
              <X>5027</X>
              <Y>3375</Y>
            </Point>
            <Point>
              <X>5059</X>
              <Y>3401</Y>
            </Point>
            <Point>
              <X>5096</X>
              <Y>3402</Y>
            </Point>
            <Point>
              <X>5098</X>
              <Y>3228</Y>
            </Point>
            <Point>
              <X>5096</X>
              <Y>3223</Y>
            </Point>
          </_Points>
        </Polygon>
        <Polygon>
          <_Color>
            <A>255</A>
            <R>0</R>
            <G>0</G>
            <B>0</B>
            <ScA>1</ScA>
            <ScR>0</ScR>
            <ScG>0</ScG>
            <ScB>0</ScB>
          </_Color>
          <_Points>
            <Point>
              <X>4855</X>
              <Y>3272</Y>
            </Point>
            <Point>
              <X>4858</X>
              <Y>3343</Y>
            </Point>
            <Point>
              <X>4713</X>
              <Y>3343</Y>
            </Point>
            <Point>
              <X>4713</X>
              <Y>3271</Y>
            </Point>
            <Point>
              <X>4855</X>
              <Y>3272</Y>
            </Point>
          </_Points>
        </Polygon>
        <Polygon>
          <_Color>
            <A>255</A>
            <R>0</R>
            <G>0</G>
            <B>0</B>
            <ScA>1</ScA>
            <ScR>0</ScR>
            <ScG>0</ScG>
            <ScB>0</ScB>
          </_Color>
          <_Points>
            <Point>
              <X>4119</X>
              <Y>3675</Y>
            </Point>
            <Point>
              <X>4119</X>
              <Y>3710</Y>
            </Point>
            <Point>
              <X>4252</X>
              <Y>3707</Y>
            </Point>
            <Point>
              <X>4253</X>
              <Y>3771</Y>
            </Point>
            <Point>
              <X>4325</X>
              <Y>3766</Y>
            </Point>
            <Point>
              <X>4324</X>
              <Y>3607</Y>
            </Point>
            <Point>
              <X>4256</X>
              <Y>3607</Y>
            </Point>
            <Point>
              <X>4251</X>
              <Y>3674</Y>
            </Point>
            <Point>
              <X>4119</X>
              <Y>3675</Y>
            </Point>
          </_Points>
        </Polygon>
        <Polygon>
          <_Color>
            <A>255</A>
            <R>0</R>
            <G>0</G>
            <B>0</B>
            <ScA>1</ScA>
            <ScR>0</ScR>
            <ScG>0</ScG>
            <ScB>0</ScB>
          </_Color>
          <_Points>
            <Point>
              <X>4326</X>
              <Y>3722</Y>
            </Point>
            <Point>
              <X>4492</X>
              <Y>3721</Y>
            </Point>
            <Point>
              <X>4490</X>
              <Y>3262</Y>
            </Point>
          </_Points>
        </Polygon>
        <Polygon>
          <_Color>
            <A>255</A>
            <R>0</R>
            <G>0</G>
            <B>0</B>
            <ScA>1</ScA>
            <ScR>0</ScR>
            <ScG>0</ScG>
            <ScB>0</ScB>
          </_Color>
          <_Points>
            <Point>
              <X>4510</X>
              <Y>3599</Y>
            </Point>
            <Point>
              <X>4509</X>
              <Y>3535</Y>
            </Point>
            <Point>
              <X>4577</X>
              <Y>3534</Y>
            </Point>
            <Point>
              <X>4580</X>
              <Y>3598</Y>
            </Point>
            <Point>
              <X>4510</X>
              <Y>3599</Y>
            </Point>
          </_Points>
        </Polygon>
        <Polygon>
          <_Color>
            <A>255</A>
            <R>0</R>
            <G>0</G>
            <B>0</B>
            <ScA>1</ScA>
            <ScR>0</ScR>
            <ScG>0</ScG>
            <ScB>0</ScB>
          </_Color>
          <_Points>
            <Point>
              <X>4325</X>
              <Y>3371</Y>
            </Point>
            <Point>
              <X>4286</X>
              <Y>3408</Y>
            </Point>
            <Point>
              <X>4246</X>
              <Y>3408</Y>
            </Point>
            <Point>
              <X>4240</X>
              <Y>3150</Y>
            </Point>
            <Point>
              <X>3877</X>
              <Y>3148</Y>
            </Point>
            <Point>
              <X>3876</X>
              <Y>3113</Y>
            </Point>
            <Point>
              <X>4249</X>
              <Y>3107</Y>
            </Point>
            <Point>
              <X>4254</X>
              <Y>2413</Y>
            </Point>
            <Point>
              <X>4290</X>
              <Y>2413</Y>
            </Point>
            <Point>
              <X>4292</X>
              <Y>2694</Y>
            </Point>
            <Point>
              <X>4565</X>
              <Y>2690</Y>
            </Point>
            <Point>
              <X>4566</X>
              <Y>2759</Y>
            </Point>
            <Point>
              <X>4325</X>
              <Y>2757</Y>
            </Point>
            <Point>
              <X>4325</X>
              <Y>3371</Y>
            </Point>
          </_Points>
        </Polygon>
        <Polygon>
          <_Color>
            <A>255</A>
            <R>0</R>
            <G>0</G>
            <B>0</B>
            <ScA>1</ScA>
            <ScR>0</ScR>
            <ScG>0</ScG>
            <ScB>0</ScB>
          </_Color>
          <_Points>
            <Point>
              <X>3472</X>
              <Y>3258</Y>
            </Point>
            <Point>
              <X>3408</X>
              <Y>3259</Y>
            </Point>
            <Point>
              <X>3409</X>
              <Y>3705</Y>
            </Point>
            <Point>
              <X>3340</X>
              <Y>3710</Y>
            </Point>
            <Point>
              <X>3340</X>
              <Y>3807</Y>
            </Point>
            <Point>
              <X>3443</X>
              <Y>3806</Y>
            </Point>
            <Point>
              <X>3448</X>
              <Y>3990</Y>
            </Point>
            <Point>
              <X>3564</X>
              <Y>3986</Y>
            </Point>
            <Point>
              <X>3570</X>
              <Y>3713</Y>
            </Point>
            <Point>
              <X>3648</X>
              <Y>3711</Y>
            </Point>
            <Point>
              <X>3651</X>
              <Y>3937</Y>
            </Point>
            <Point>
              <X>3898</X>
              <Y>3938</Y>
            </Point>
            <Point>
              <X>3825</X>
              <Y>4046</Y>
            </Point>
            <Point>
              <X>3824</X>
              <Y>4136</Y>
            </Point>
          </_Points>
        </Polygon>
        <Polygon>
          <_Color>
            <A>255</A>
            <R>0</R>
            <G>0</G>
            <B>0</B>
            <ScA>1</ScA>
            <ScR>0</ScR>
            <ScG>0</ScG>
            <ScB>0</ScB>
          </_Color>
          <_Points>
            <Point>
              <X>5515</X>
              <Y>3131</Y>
            </Point>
            <Point>
              <X>5483</X>
              <Y>3131</Y>
            </Point>
            <Point>
              <X>5480</X>
              <Y>3266</Y>
            </Point>
            <Point>
              <X>5257</X>
              <Y>3268</Y>
            </Point>
            <Point>
              <X>5259</X>
              <Y>3293</Y>
            </Point>
            <Point>
              <X>5516</X>
              <Y>3292</Y>
            </Point>
            <Point>
              <X>5515</X>
              <Y>3131</Y>
            </Point>
          </_Points>
        </Polygon>
        <Polygon>
          <_Color>
            <A>255</A>
            <R>0</R>
            <G>0</G>
            <B>0</B>
            <ScA>1</ScA>
            <ScR>0</ScR>
            <ScG>0</ScG>
            <ScB>0</ScB>
          </_Color>
          <_Points>
            <Point>
              <X>5094</X>
              <Y>2899</Y>
            </Point>
            <Point>
              <X>5056</X>
              <Y>2899</Y>
            </Point>
            <Point>
              <X>5027</X>
              <Y>2871</Y>
            </Point>
            <Point>
              <X>5024</X>
              <Y>2761</Y>
            </Point>
            <Point>
              <X>4777</X>
              <Y>2761</Y>
            </Point>
            <Point>
              <X>4774</X>
              <Y>2691</Y>
            </Point>
            <Point>
              <X>5060</X>
              <Y>2695</Y>
            </Point>
            <Point>
              <X>5066</X>
              <Y>2413</Y>
            </Point>
            <Point>
              <X>5100</X>
              <Y>2412</Y>
            </Point>
            <Point>
              <X>5094</X>
              <Y>2899</Y>
            </Point>
          </_Points>
        </Polygon>
        <Polygon>
          <_Color>
            <A>255</A>
            <R>0</R>
            <G>0</G>
            <B>0</B>
            <ScA>1</ScA>
            <ScR>0</ScR>
            <ScG>0</ScG>
            <ScB>0</ScB>
          </_Color>
          <_Points>
            <Point>
              <X>5098</X>
              <Y>3042</Y>
            </Point>
            <Point>
              <X>5300</X>
              <Y>3044</Y>
            </Point>
            <Point>
              <X>5303</X>
              <Y>3081</Y>
            </Point>
            <Point>
              <X>5099</X>
              <Y>3080</Y>
            </Point>
            <Point>
              <X>5098</X>
              <Y>3042</Y>
            </Point>
          </_Points>
        </Polygon>
        <Polygon>
          <_Color>
            <A>255</A>
            <R>0</R>
            <G>0</G>
            <B>0</B>
            <ScA>1</ScA>
            <ScR>0</ScR>
            <ScG>0</ScG>
            <ScB>0</ScB>
          </_Color>
          <_Points>
            <Point>
              <X>4448</X>
              <Y>2093</Y>
            </Point>
            <Point>
              <X>4554</X>
              <Y>2091</Y>
            </Point>
            <Point>
              <X>4549</X>
              <Y>2201</Y>
            </Point>
            <Point>
              <X>4445</X>
              <Y>2200</Y>
            </Point>
            <Point>
              <X>4436</X>
              <Y>2215</Y>
            </Point>
            <Point>
              <X>4381</X>
              <Y>2215</Y>
            </Point>
            <Point>
              <X>4374</X>
              <Y>2083</Y>
            </Point>
            <Point>
              <X>4446</X>
              <Y>2078</Y>
            </Point>
            <Point>
              <X>4448</X>
              <Y>2093</Y>
            </Point>
          </_Points>
        </Polygon>
        <Polygon>
          <_Color>
            <A>255</A>
            <R>0</R>
            <G>0</G>
            <B>0</B>
            <ScA>1</ScA>
            <ScR>0</ScR>
            <ScG>0</ScG>
            <ScB>0</ScB>
          </_Color>
          <_Points>
            <Point>
              <X>4615</X>
              <Y>1501</Y>
            </Point>
            <Point>
              <X>4614</X>
              <Y>1569</Y>
            </Point>
            <Point>
              <X>4540</X>
              <Y>1568</Y>
            </Point>
            <Point>
              <X>4543</X>
              <Y>1500</Y>
            </Point>
            <Point>
              <X>4615</X>
              <Y>1501</Y>
            </Point>
          </_Points>
        </Polygon>
        <Polygon>
          <_Color>
            <A>255</A>
            <R>0</R>
            <G>0</G>
            <B>0</B>
            <ScA>1</ScA>
            <ScR>0</ScR>
            <ScG>0</ScG>
            <ScB>0</ScB>
          </_Color>
          <_Points>
            <Point>
              <X>5358</X>
              <Y>3903</Y>
            </Point>
            <Point>
              <X>5286</X>
              <Y>3903</Y>
            </Point>
            <Point>
              <X>5285</X>
              <Y>3976</Y>
            </Point>
            <Point>
              <X>5408</X>
              <Y>3971</Y>
            </Point>
            <Point>
              <X>5408</X>
              <Y>4247</Y>
            </Point>
            <Point>
              <X>5534</X>
              <Y>4245</Y>
            </Point>
            <Point>
              <X>5537</X>
              <Y>3975</Y>
            </Point>
            <Point>
              <X>5464</X>
              <Y>3971</Y>
            </Point>
            <Point>
              <X>5467</X>
              <Y>3865</Y>
            </Point>
            <Point>
              <X>5363</X>
              <Y>3868</Y>
            </Point>
            <Point>
              <X>5358</X>
              <Y>3903</Y>
            </Point>
          </_Points>
        </Polygon>
        <Polygon>
          <_Color>
            <A>255</A>
            <R>0</R>
            <G>0</G>
            <B>0</B>
            <ScA>1</ScA>
            <ScR>0</ScR>
            <ScG>0</ScG>
            <ScB>0</ScB>
          </_Color>
          <_Points>
            <Point>
              <X>5623</X>
              <Y>4173</Y>
            </Point>
            <Point>
              <X>5619</X>
              <Y>4306</Y>
            </Point>
            <Point>
              <X>5412</X>
              <Y>4308</Y>
            </Point>
            <Point>
              <X>5416</X>
              <Y>4361</Y>
            </Point>
            <Point>
              <X>5688</X>
              <Y>4343</Y>
            </Point>
            <Point>
              <X>5695</X>
              <Y>4237</Y>
            </Point>
            <Point>
              <X>5867</X>
              <Y>4229</Y>
            </Point>
            <Point>
              <X>5869</X>
              <Y>4170</Y>
            </Point>
            <Point>
              <X>5623</X>
              <Y>4173</Y>
            </Point>
          </_Points>
        </Polygon>
        <Polygon>
          <_Color>
            <A>255</A>
            <R>0</R>
            <G>0</G>
            <B>0</B>
            <ScA>1</ScA>
            <ScR>0</ScR>
            <ScG>0</ScG>
            <ScB>0</ScB>
          </_Color>
          <_Points>
            <Point>
              <X>6085</X>
              <Y>4173</Y>
            </Point>
            <Point>
              <X>6081</X>
              <Y>4238</Y>
            </Point>
            <Point>
              <X>6257</X>
              <Y>4230</Y>
            </Point>
            <Point>
              <X>6256</X>
              <Y>4393</Y>
            </Point>
            <Point>
              <X>6154</X>
              <Y>4398</Y>
            </Point>
            <Point>
              <X>6150</X>
              <Y>4507</Y>
            </Point>
            <Point>
              <X>6252</X>
              <Y>4502</Y>
            </Point>
            <Point>
              <X>6258</X>
              <Y>4799</Y>
            </Point>
            <Point>
              <X>6353</X>
              <Y>4801</Y>
            </Point>
            <Point>
              <X>6356</X>
              <Y>4764</Y>
            </Point>
            <Point>
              <X>6330</X>
              <Y>4765</Y>
            </Point>
            <Point>
              <X>6323</X>
              <Y>4173</Y>
            </Point>
            <Point>
              <X>6085</X>
              <Y>4173</Y>
            </Point>
          </_Points>
        </Polygon>
        <Polygon>
          <_Color>
            <A>255</A>
            <R>0</R>
            <G>0</G>
            <B>0</B>
            <ScA>1</ScA>
            <ScR>0</ScR>
            <ScG>0</ScG>
            <ScB>0</ScB>
          </_Color>
          <_Points>
            <Point>
              <X>6026</X>
              <Y>3237</Y>
            </Point>
            <Point>
              <X>6026</X>
              <Y>3303</Y>
            </Point>
            <Point>
              <X>5958</X>
              <Y>3303</Y>
            </Point>
            <Point>
              <X>5955</X>
              <Y>3235</Y>
            </Point>
            <Point>
              <X>6026</X>
              <Y>3237</Y>
            </Point>
          </_Points>
        </Polygon>
        <Polygon>
          <_Color>
            <A>255</A>
            <R>0</R>
            <G>0</G>
            <B>0</B>
            <ScA>1</ScA>
            <ScR>0</ScR>
            <ScG>0</ScG>
            <ScB>0</ScB>
          </_Color>
          <_Points>
            <Point>
              <X>4532</X>
              <Y>4807</Y>
            </Point>
            <Point>
              <X>4532</X>
              <Y>4925</Y>
            </Point>
            <Point>
              <X>4815</X>
              <Y>4919</Y>
            </Point>
            <Point>
              <X>4811</X>
              <Y>4799</Y>
            </Point>
            <Point>
              <X>4671</X>
              <Y>4795</Y>
            </Point>
            <Point>
              <X>4675</X>
              <Y>4730</Y>
            </Point>
            <Point>
              <X>4601</X>
              <Y>4732</Y>
            </Point>
            <Point>
              <X>4601</X>
              <Y>4798</Y>
            </Point>
            <Point>
              <X>4532</X>
              <Y>4807</Y>
            </Point>
          </_Points>
        </Polygon>
      </_Polygons>
    </Layer>
    <Layer>
      <_Images />
      <_Polygons />
    </Layer>
    <Layer>
      <_Images />
      <_Polygons />
    </Layer>
    <Layer>
      <_Images />
      <_Polygons />
    </Layer>
    <Layer>
      <_Images>
        <Image>
          <Width>7257.0268986910542</Width>
          <Height>5442.77017401829</Height>
          <X>636.43365764588373</X>
          <Y>691.0630801066211</Y>
          <Path>cs_nuke.png</Path>
        </Image>
      </_Images>
      <_Polygons />
    </Layer>
  </_Layers>
</MapDatabase>