<?xml version="1.0"?>
<GameContentDataBase xmlns:xsi="http://www.w3.org/2001/XMLSchema-instance" xmlns:xsd="http://www.w3.org/2001/XMLSchema">
  <_AnimatedBitmaps>
    <AnimatedBitmap>
      <_Name>ak47_dead</_Name>
      <_Width>320</_Width>
      <_Height>240</_Height>
      <_Bitmaps>
        <string>ak47_dead/ak47_dead0000.png</string>
        <string>ak47_dead/ak47_dead0001.png</string>
        <string>ak47_dead/ak47_dead0002.png</string>
        <string>ak47_dead/ak47_dead0003.png</string>
        <string>ak47_dead/ak47_dead0004.png</string>
        <string>ak47_dead/ak47_dead0005.png</string>
        <string>ak47_dead/ak47_dead0006.png</string>
        <string>ak47_dead/ak47_dead0007.png</string>
        <string>ak47_dead/ak47_dead0008.png</string>
        <string>ak47_dead/ak47_dead0009.png</string>
        <string>ak47_dead/ak47_dead0010.png</string>
        <string>ak47_dead/ak47_dead0011.png</string>
        <string>ak47_dead/ak47_dead0012.png</string>
        <string>ak47_dead/ak47_dead0013.png</string>
        <string>ak47_dead/ak47_dead0014.png</string>
        <string>ak47_dead/ak47_dead0015.png</string>
        <string>ak47_dead/ak47_dead0016.png</string>
        <string>ak47_dead/ak47_dead0017.png</string>
        <string>ak47_dead/ak47_dead0018.png</string>
        <string>ak47_dead/ak47_dead0019.png</string>
        <string>ak47_dead/ak47_dead0020.png</string>
        <string>ak47_dead/ak47_dead0021.png</string>
        <string>ak47_dead/ak47_dead0022.png</string>
        <string>ak47_dead/ak47_dead0023.png</string>
        <string>ak47_dead/ak47_dead0024.png</string>
        <string>ak47_dead/ak47_dead0025.png</string>
        <string>ak47_dead/ak47_dead0026.png</string>
        <string>ak47_dead/ak47_dead0027.png</string>
        <string>ak47_dead/ak47_dead0028.png</string>
        <string>ak47_dead/ak47_dead0029.png</string>
        <string>ak47_dead/ak47_dead0030.png</string>
        <string>ak47_dead/ak47_dead0031.png</string>
        <string>ak47_dead/ak47_dead0032.png</string>
      </_Bitmaps>
    </AnimatedBitmap>
    <AnimatedBitmap>
      <_Name>ak47_reload</_Name>
      <_Width>320</_Width>
      <_Height>240</_Height>
      <_Bitmaps>
        <string>ak47_reload/m4_reload0000.png</string>
        <string>ak47_reload/m4_reload0001.png</string>
        <string>ak47_reload/m4_reload0002.png</string>
        <string>ak47_reload/m4_reload0003.png</string>
        <string>ak47_reload/m4_reload0004.png</string>
        <string>ak47_reload/m4_reload0005.png</string>
        <string>ak47_reload/m4_reload0006.png</string>
        <string>ak47_reload/m4_reload0007.png</string>
        <string>ak47_reload/m4_reload0008.png</string>
        <string>ak47_reload/m4_reload0009.png</string>
        <string>ak47_reload/m4_reload0010.png</string>
        <string>ak47_reload/m4_reload0011.png</string>
        <string>ak47_reload/m4_reload0012.png</string>
        <string>ak47_reload/m4_reload0013.png</string>
        <string>ak47_reload/m4_reload0014.png</string>
        <string>ak47_reload/m4_reload0015.png</string>
        <string>ak47_reload/m4_reload0016.png</string>
        <string>ak47_reload/m4_reload0017.png</string>
        <string>ak47_reload/m4_reload0018.png</string>
        <string>ak47_reload/m4_reload0019.png</string>
        <string>ak47_reload/m4_reload0020.png</string>
        <string>ak47_reload/m4_reload0021.png</string>
        <string>ak47_reload/m4_reload0022.png</string>
        <string>ak47_reload/m4_reload0023.png</string>
        <string>ak47_reload/m4_reload0024.png</string>
        <string>ak47_reload/m4_reload0025.png</string>
        <string>ak47_reload/m4_reload0026.png</string>
        <string>ak47_reload/m4_reload0027.png</string>
        <string>ak47_reload/m4_reload0028.png</string>
        <string>ak47_reload/m4_reload0029.png</string>
        <string>ak47_reload/m4_reload0030.png</string>
        <string>ak47_reload/m4_reload0031.png</string>
        <string>ak47_reload/m4_reload0032.png</string>
      </_Bitmaps>
    </AnimatedBitmap>
    <AnimatedBitmap>
      <_Name>ak47_run</_Name>
      <_Width>320</_Width>
      <_Height>240</_Height>
      <_Bitmaps>
        <string>ak47_run/ak47_run0000.png</string>
        <string>ak47_run/ak47_run0001.png</string>
        <string>ak47_run/ak47_run0002.png</string>
        <string>ak47_run/ak47_run0003.png</string>
        <string>ak47_run/ak47_run0004.png</string>
        <string>ak47_run/ak47_run0005.png</string>
        <string>ak47_run/ak47_run0006.png</string>
        <string>ak47_run/ak47_run0007.png</string>
        <string>ak47_run/ak47_run0008.png</string>
        <string>ak47_run/ak47_run0009.png</string>
        <string>ak47_run/ak47_run0010.png</string>
        <string>ak47_run/ak47_run0011.png</string>
        <string>ak47_run/ak47_run0012.png</string>
        <string>ak47_run/ak47_run0013.png</string>
        <string>ak47_run/ak47_run0014.png</string>
        <string>ak47_run/ak47_run0015.png</string>
        <string>ak47_run/ak47_run0016.png</string>
        <string>ak47_run/ak47_run0017.png</string>
        <string>ak47_run/ak47_run0018.png</string>
        <string>ak47_run/ak47_run0019.png</string>
        <string>ak47_run/ak47_run0020.png</string>
        <string>ak47_run/ak47_run0021.png</string>
        <string>ak47_run/ak47_run0022.png</string>
        <string>ak47_run/ak47_run0023.png</string>
        <string>ak47_run/ak47_run0024.png</string>
      </_Bitmaps>
    </AnimatedBitmap>
    <AnimatedBitmap>
      <_Name>ak47_run_back</_Name>
      <_Width>320</_Width>
      <_Height>240</_Height>
      <_Bitmaps>
        <string>ak47_run_back/ak47_back0000.png</string>
        <string>ak47_run_back/ak47_back0001.png</string>
        <string>ak47_run_back/ak47_back0002.png</string>
        <string>ak47_run_back/ak47_back0003.png</string>
        <string>ak47_run_back/ak47_back0004.png</string>
        <string>ak47_run_back/ak47_back0005.png</string>
        <string>ak47_run_back/ak47_back0006.png</string>
        <string>ak47_run_back/ak47_back0007.png</string>
        <string>ak47_run_back/ak47_back0008.png</string>
        <string>ak47_run_back/ak47_back0009.png</string>
        <string>ak47_run_back/ak47_back0010.png</string>
        <string>ak47_run_back/ak47_back0011.png</string>
        <string>ak47_run_back/ak47_back0012.png</string>
        <string>ak47_run_back/ak47_back0013.png</string>
        <string>ak47_run_back/ak47_back0014.png</string>
        <string>ak47_run_back/ak47_back0015.png</string>
        <string>ak47_run_back/ak47_back0016.png</string>
        <string>ak47_run_back/ak47_back0017.png</string>
        <string>ak47_run_back/ak47_back0018.png</string>
        <string>ak47_run_back/ak47_back0019.png</string>
        <string>ak47_run_back/ak47_back0020.png</string>
      </_Bitmaps>
    </AnimatedBitmap>
    <AnimatedBitmap>
      <_Name>ak47_run_left</_Name>
      <_Width>320</_Width>
      <_Height>240</_Height>
      <_Bitmaps>
        <string>ak47_run_left/ak47_run_left0000.png</string>
        <string>ak47_run_left/ak47_run_left0001.png</string>
        <string>ak47_run_left/ak47_run_left0002.png</string>
        <string>ak47_run_left/ak47_run_left0003.png</string>
        <string>ak47_run_left/ak47_run_left0004.png</string>
        <string>ak47_run_left/ak47_run_left0005.png</string>
        <string>ak47_run_left/ak47_run_left0006.png</string>
        <string>ak47_run_left/ak47_run_left0007.png</string>
        <string>ak47_run_left/ak47_run_left0008.png</string>
        <string>ak47_run_left/ak47_run_left0009.png</string>
        <string>ak47_run_left/ak47_run_left0010.png</string>
        <string>ak47_run_left/ak47_run_left0011.png</string>
        <string>ak47_run_left/ak47_run_left0012.png</string>
        <string>ak47_run_left/ak47_run_left0013.png</string>
        <string>ak47_run_left/ak47_run_left0014.png</string>
        <string>ak47_run_left/ak47_run_left0015.png</string>
      </_Bitmaps>
    </AnimatedBitmap>
    <AnimatedBitmap>
      <_Name>ak47_run_right</_Name>
      <_Width>320</_Width>
      <_Height>240</_Height>
      <_Bitmaps>
        <string>ak47_run_right/ak47_run_right0000.png</string>
        <string>ak47_run_right/ak47_run_right0001.png</string>
        <string>ak47_run_right/ak47_run_right0002.png</string>
        <string>ak47_run_right/ak47_run_right0003.png</string>
        <string>ak47_run_right/ak47_run_right0004.png</string>
        <string>ak47_run_right/ak47_run_right0005.png</string>
        <string>ak47_run_right/ak47_run_right0006.png</string>
        <string>ak47_run_right/ak47_run_right0007.png</string>
        <string>ak47_run_right/ak47_run_right0008.png</string>
        <string>ak47_run_right/ak47_run_right0009.png</string>
        <string>ak47_run_right/ak47_run_right0010.png</string>
        <string>ak47_run_right/ak47_run_right0011.png</string>
        <string>ak47_run_right/ak47_run_right0012.png</string>
        <string>ak47_run_right/ak47_run_right0013.png</string>
        <string>ak47_run_right/ak47_run_right0014.png</string>
        <string>ak47_run_right/ak47_run_right0015.png</string>
      </_Bitmaps>
    </AnimatedBitmap>
    <AnimatedBitmap>
      <_Name>ak47_stay</_Name>
      <_Width>320</_Width>
      <_Height>240</_Height>
      <_Bitmaps>
        <string>ak47_stay/ak47_stay0000.png</string>
        <string>ak47_stay/ak47_stay0001.png</string>
        <string>ak47_stay/ak47_stay0002.png</string>
        <string>ak47_stay/ak47_stay0003.png</string>
        <string>ak47_stay/ak47_stay0004.png</string>
        <string>ak47_stay/ak47_stay0005.png</string>
        <string>ak47_stay/ak47_stay0006.png</string>
        <string>ak47_stay/ak47_stay0007.png</string>
        <string>ak47_stay/ak47_stay0008.png</string>
        <string>ak47_stay/ak47_stay0009.png</string>
        <string>ak47_stay/ak47_stay0010.png</string>
        <string>ak47_stay/ak47_stay0011.png</string>
        <string>ak47_stay/ak47_stay0012.png</string>
        <string>ak47_stay/ak47_stay0013.png</string>
        <string>ak47_stay/ak47_stay0014.png</string>
        <string>ak47_stay/ak47_stay0015.png</string>
        <string>ak47_stay/ak47_stay0016.png</string>
        <string>ak47_stay/ak47_stay0017.png</string>
        <string>ak47_stay/ak47_stay0018.png</string>
        <string>ak47_stay/ak47_stay0019.png</string>
        <string>ak47_stay/ak47_stay0020.png</string>
        <string>ak47_stay/ak47_stay0021.png</string>
        <string>ak47_stay/ak47_stay0022.png</string>
        <string>ak47_stay/ak47_stay0023.png</string>
        <string>ak47_stay/ak47_stay0024.png</string>
        <string>ak47_stay/ak47_stay0025.png</string>
        <string>ak47_stay/ak47_stay0026.png</string>
        <string>ak47_stay/ak47_stay0027.png</string>
        <string>ak47_stay/ak47_stay0028.png</string>
        <string>ak47_stay/ak47_stay0029.png</string>
        <string>ak47_stay/ak47_stay0030.png</string>
        <string>ak47_stay/ak47_stay0031.png</string>
        <string>ak47_stay/ak47_stay0032.png</string>
      </_Bitmaps>
    </AnimatedBitmap>
    <AnimatedBitmap>
      <_Name>phoenix_dead</_Name>
      <_Width>320</_Width>
      <_Height>240</_Height>
      <_Bitmaps>
        <string>phoenix_dead/phoenix_dead0000.png</string>
        <string>phoenix_dead/phoenix_dead0001.png</string>
        <string>phoenix_dead/phoenix_dead0002.png</string>
        <string>phoenix_dead/phoenix_dead0003.png</string>
        <string>phoenix_dead/phoenix_dead0004.png</string>
        <string>phoenix_dead/phoenix_dead0005.png</string>
        <string>phoenix_dead/phoenix_dead0006.png</string>
        <string>phoenix_dead/phoenix_dead0007.png</string>
        <string>phoenix_dead/phoenix_dead0008.png</string>
        <string>phoenix_dead/phoenix_dead0009.png</string>
        <string>phoenix_dead/phoenix_dead0010.png</string>
        <string>phoenix_dead/phoenix_dead0011.png</string>
        <string>phoenix_dead/phoenix_dead0012.png</string>
        <string>phoenix_dead/phoenix_dead0013.png</string>
        <string>phoenix_dead/phoenix_dead0014.png</string>
        <string>phoenix_dead/phoenix_dead0015.png</string>
        <string>phoenix_dead/phoenix_dead0016.png</string>
        <string>phoenix_dead/phoenix_dead0017.png</string>
        <string>phoenix_dead/phoenix_dead0018.png</string>
        <string>phoenix_dead/phoenix_dead0019.png</string>
        <string>phoenix_dead/phoenix_dead0020.png</string>
        <string>phoenix_dead/phoenix_dead0021.png</string>
        <string>phoenix_dead/phoenix_dead0022.png</string>
        <string>phoenix_dead/phoenix_dead0023.png</string>
        <string>phoenix_dead/phoenix_dead0024.png</string>
        <string>phoenix_dead/phoenix_dead0025.png</string>
        <string>phoenix_dead/phoenix_dead0026.png</string>
        <string>phoenix_dead/phoenix_dead0027.png</string>
        <string>phoenix_dead/phoenix_dead0028.png</string>
        <string>phoenix_dead/phoenix_dead0029.png</string>
        <string>phoenix_dead/phoenix_dead0030.png</string>
        <string>phoenix_dead/phoenix_dead0031.png</string>
        <string>phoenix_dead/phoenix_dead0032.png</string>
      </_Bitmaps>
    </AnimatedBitmap>
    <AnimatedBitmap>
      <_Name>phoenix_reload</_Name>
      <_Width>320</_Width>
      <_Height>240</_Height>
      <_Bitmaps>
        <string>phoenix_reload/phoenix_reload0000.png</string>
        <string>phoenix_reload/phoenix_reload0001.png</string>
        <string>phoenix_reload/phoenix_reload0002.png</string>
        <string>phoenix_reload/phoenix_reload0003.png</string>
        <string>phoenix_reload/phoenix_reload0004.png</string>
        <string>phoenix_reload/phoenix_reload0005.png</string>
        <string>phoenix_reload/phoenix_reload0006.png</string>
        <string>phoenix_reload/phoenix_reload0007.png</string>
        <string>phoenix_reload/phoenix_reload0008.png</string>
        <string>phoenix_reload/phoenix_reload0009.png</string>
        <string>phoenix_reload/phoenix_reload0010.png</string>
        <string>phoenix_reload/phoenix_reload0011.png</string>
        <string>phoenix_reload/phoenix_reload0012.png</string>
        <string>phoenix_reload/phoenix_reload0013.png</string>
        <string>phoenix_reload/phoenix_reload0014.png</string>
        <string>phoenix_reload/phoenix_reload0015.png</string>
        <string>phoenix_reload/phoenix_reload0016.png</string>
        <string>phoenix_reload/phoenix_reload0017.png</string>
        <string>phoenix_reload/phoenix_reload0018.png</string>
        <string>phoenix_reload/phoenix_reload0019.png</string>
        <string>phoenix_reload/phoenix_reload0020.png</string>
        <string>phoenix_reload/phoenix_reload0021.png</string>
        <string>phoenix_reload/phoenix_reload0022.png</string>
        <string>phoenix_reload/phoenix_reload0023.png</string>
        <string>phoenix_reload/phoenix_reload0024.png</string>
        <string>phoenix_reload/phoenix_reload0025.png</string>
        <string>phoenix_reload/phoenix_reload0026.png</string>
        <string>phoenix_reload/phoenix_reload0027.png</string>
        <string>phoenix_reload/phoenix_reload0028.png</string>
        <string>phoenix_reload/phoenix_reload0029.png</string>
        <string>phoenix_reload/phoenix_reload0030.png</string>
        <string>phoenix_reload/phoenix_reload0031.png</string>
        <string>phoenix_reload/phoenix_reload0032.png</string>
      </_Bitmaps>
    </AnimatedBitmap>
    <AnimatedBitmap>
      <_Name>phoenix_run</_Name>
      <_Width>320</_Width>
      <_Height>240</_Height>
      <_Bitmaps>
        <string>phoenix_run/phoenix_run0000.png</string>
        <string>phoenix_run/phoenix_run0001.png</string>
        <string>phoenix_run/phoenix_run0002.png</string>
        <string>phoenix_run/phoenix_run0003.png</string>
        <string>phoenix_run/phoenix_run0004.png</string>
        <string>phoenix_run/phoenix_run0005.png</string>
        <string>phoenix_run/phoenix_run0006.png</string>
        <string>phoenix_run/phoenix_run0007.png</string>
        <string>phoenix_run/phoenix_run0008.png</string>
        <string>phoenix_run/phoenix_run0009.png</string>
        <string>phoenix_run/phoenix_run0010.png</string>
        <string>phoenix_run/phoenix_run0011.png</string>
        <string>phoenix_run/phoenix_run0012.png</string>
        <string>phoenix_run/phoenix_run0013.png</string>
        <string>phoenix_run/phoenix_run0014.png</string>
        <string>phoenix_run/phoenix_run0015.png</string>
        <string>phoenix_run/phoenix_run0016.png</string>
        <string>phoenix_run/phoenix_run0017.png</string>
        <string>phoenix_run/phoenix_run0018.png</string>
        <string>phoenix_run/phoenix_run0019.png</string>
        <string>phoenix_run/phoenix_run0020.png</string>
        <string>phoenix_run/phoenix_run0021.png</string>
        <string>phoenix_run/phoenix_run0022.png</string>
        <string>phoenix_run/phoenix_run0023.png</string>
        <string>phoenix_run/phoenix_run0024.png</string>
      </_Bitmaps>
    </AnimatedBitmap>
    <AnimatedBitmap>
      <_Name>phoenix_run_back</_Name>
      <_Width>320</_Width>
      <_Height>240</_Height>
      <_Bitmaps>
        <string>phoenix_run_back/phoenix_run_back0000.png</string>
        <string>phoenix_run_back/phoenix_run_back0001.png</string>
        <string>phoenix_run_back/phoenix_run_back0002.png</string>
        <string>phoenix_run_back/phoenix_run_back0003.png</string>
        <string>phoenix_run_back/phoenix_run_back0004.png</string>
        <string>phoenix_run_back/phoenix_run_back0005.png</string>
        <string>phoenix_run_back/phoenix_run_back0006.png</string>
        <string>phoenix_run_back/phoenix_run_back0007.png</string>
        <string>phoenix_run_back/phoenix_run_back0008.png</string>
        <string>phoenix_run_back/phoenix_run_back0009.png</string>
        <string>phoenix_run_back/phoenix_run_back0010.png</string>
        <string>phoenix_run_back/phoenix_run_back0011.png</string>
        <string>phoenix_run_back/phoenix_run_back0012.png</string>
        <string>phoenix_run_back/phoenix_run_back0013.png</string>
        <string>phoenix_run_back/phoenix_run_back0014.png</string>
        <string>phoenix_run_back/phoenix_run_back0015.png</string>
        <string>phoenix_run_back/phoenix_run_back0016.png</string>
        <string>phoenix_run_back/phoenix_run_back0017.png</string>
        <string>phoenix_run_back/phoenix_run_back0018.png</string>
        <string>phoenix_run_back/phoenix_run_back0019.png</string>
        <string>phoenix_run_back/phoenix_run_back0020.png</string>
      </_Bitmaps>
    </AnimatedBitmap>
    <AnimatedBitmap>
      <_Name>phoenix_run_left</_Name>
      <_Width>320</_Width>
      <_Height>240</_Height>
      <_Bitmaps>
        <string>phoenix_run_left/phoenix_run_left0000.png</string>
        <string>phoenix_run_left/phoenix_run_left0001.png</string>
        <string>phoenix_run_left/phoenix_run_left0002.png</string>
        <string>phoenix_run_left/phoenix_run_left0003.png</string>
        <string>phoenix_run_left/phoenix_run_left0004.png</string>
        <string>phoenix_run_left/phoenix_run_left0005.png</string>
        <string>phoenix_run_left/phoenix_run_left0006.png</string>
        <string>phoenix_run_left/phoenix_run_left0007.png</string>
        <string>phoenix_run_left/phoenix_run_left0008.png</string>
        <string>phoenix_run_left/phoenix_run_left0009.png</string>
        <string>phoenix_run_left/phoenix_run_left0010.png</string>
        <string>phoenix_run_left/phoenix_run_left0011.png</string>
        <string>phoenix_run_left/phoenix_run_left0012.png</string>
        <string>phoenix_run_left/phoenix_run_left0013.png</string>
        <string>phoenix_run_left/phoenix_run_left0014.png</string>
        <string>phoenix_run_left/phoenix_run_left0015.png</string>
      </_Bitmaps>
    </AnimatedBitmap>
    <AnimatedBitmap>
      <_Name>phoenix_run_right</_Name>
      <_Width>320</_Width>
      <_Height>240</_Height>
      <_Bitmaps>
        <string>phoenix_run_right/phoenix_run_right0000.png</string>
        <string>phoenix_run_right/phoenix_run_right0001.png</string>
        <string>phoenix_run_right/phoenix_run_right0002.png</string>
        <string>phoenix_run_right/phoenix_run_right0003.png</string>
        <string>phoenix_run_right/phoenix_run_right0004.png</string>
        <string>phoenix_run_right/phoenix_run_right0005.png</string>
        <string>phoenix_run_right/phoenix_run_right0006.png</string>
        <string>phoenix_run_right/phoenix_run_right0007.png</string>
        <string>phoenix_run_right/phoenix_run_right0008.png</string>
        <string>phoenix_run_right/phoenix_run_right0009.png</string>
        <string>phoenix_run_right/phoenix_run_right0010.png</string>
        <string>phoenix_run_right/phoenix_run_right0011.png</string>
        <string>phoenix_run_right/phoenix_run_right0012.png</string>
        <string>phoenix_run_right/phoenix_run_right0013.png</string>
        <string>phoenix_run_right/phoenix_run_right0014.png</string>
        <string>phoenix_run_right/phoenix_run_right0015.png</string>
      </_Bitmaps>
    </AnimatedBitmap>
    <AnimatedBitmap>
      <_Name>phoenix_stay</_Name>
      <_Width>320</_Width>
      <_Height>240</_Height>
      <_Bitmaps>
        <string>phoenix_stay/phoenix_stay0000.png</string>
        <string>phoenix_stay/phoenix_stay0001.png</string>
        <string>phoenix_stay/phoenix_stay0002.png</string>
        <string>phoenix_stay/phoenix_stay0003.png</string>
        <string>phoenix_stay/phoenix_stay0004.png</string>
        <string>phoenix_stay/phoenix_stay0005.png</string>
        <string>phoenix_stay/phoenix_stay0006.png</string>
        <string>phoenix_stay/phoenix_stay0007.png</string>
        <string>phoenix_stay/phoenix_stay0008.png</string>
        <string>phoenix_stay/phoenix_stay0009.png</string>
        <string>phoenix_stay/phoenix_stay0010.png</string>
        <string>phoenix_stay/phoenix_stay0011.png</string>
        <string>phoenix_stay/phoenix_stay0012.png</string>
        <string>phoenix_stay/phoenix_stay0013.png</string>
        <string>phoenix_stay/phoenix_stay0014.png</string>
        <string>phoenix_stay/phoenix_stay0015.png</string>
        <string>phoenix_stay/phoenix_stay0016.png</string>
        <string>phoenix_stay/phoenix_stay0017.png</string>
        <string>phoenix_stay/phoenix_stay0018.png</string>
        <string>phoenix_stay/phoenix_stay0019.png</string>
        <string>phoenix_stay/phoenix_stay0020.png</string>
        <string>phoenix_stay/phoenix_stay0021.png</string>
        <string>phoenix_stay/phoenix_stay0022.png</string>
        <string>phoenix_stay/phoenix_stay0023.png</string>
        <string>phoenix_stay/phoenix_stay0024.png</string>
        <string>phoenix_stay/phoenix_stay0025.png</string>
        <string>phoenix_stay/phoenix_stay0026.png</string>
        <string>phoenix_stay/phoenix_stay0027.png</string>
        <string>phoenix_stay/phoenix_stay0028.png</string>
        <string>phoenix_stay/phoenix_stay0029.png</string>
        <string>phoenix_stay/phoenix_stay0030.png</string>
        <string>phoenix_stay/phoenix_stay0031.png</string>
        <string>phoenix_stay/phoenix_stay0032.png</string>
      </_Bitmaps>
    </AnimatedBitmap>
  </_AnimatedBitmaps>
</GameContentDataBase>